date,cc,rate,trend_kind,y_trend,residual
2022-09-30,PLN,7.3348,quadratic,7.756034957165629,-0.42123495716562864
2022-10-01,PLN,7.3348,quadratic,7.759781899241614,-0.42498189924161345
2022-10-02,PLN,7.3348,quadratic,7.763528109275744,-0.42872810927574356
2022-10-03,PLN,7.3483,quadratic,7.767273587268017,-0.4189735872680167
2022-10-04,PLN,7.383,quadratic,7.771018333218434,-0.38801833321843393
2022-10-05,PLN,7.5069,quadratic,7.7747623471269955,-0.26786234712699564
2022-10-06,PLN,7.5407,quadratic,7.778505628993701,-0.2378056289937005
2022-10-07,PLN,7.4352,quadratic,7.782248178818549,-0.3470481788185493
2022-10-08,PLN,7.4352,quadratic,7.785989996601543,-0.3507899966015433
2022-10-09,PLN,7.4352,quadratic,7.78973108234268,-0.35453108234267994
2022-10-10,PLN,7.362,quadratic,7.793471436041961,-0.4314714360419609
2022-10-11,PLN,7.2799,quadratic,7.7972110576993865,-0.5173110576993869
2022-10-12,PLN,7.3007,quadratic,7.8009499473149555,-0.5002499473149555
2022-10-13,PLN,7.3149,quadratic,7.804688104888669,-0.4897881048886692
2022-10-14,PLN,7.3745,quadratic,7.808425530420526,-0.4339255304205256
2022-10-15,PLN,7.3745,quadratic,7.812162223910527,-0.437662223910527
2022-10-16,PLN,7.3745,quadratic,7.815898185358672,-0.4413981853586719
2022-10-17,PLN,7.3625,quadratic,7.8196334147649615,-0.4571334147649617
2022-10-18,PLN,7.397,quadratic,7.823367912129395,-0.42636791212939507
2022-10-19,PLN,7.4841,quadratic,7.827101677451973,-0.34300167745197285
2022-10-20,PLN,7.4711,quadratic,7.830834710732693,-0.3597347107326936
2022-10-21,PLN,7.5176,quadratic,7.834567011971559,-0.31696701197155885
2022-10-22,PLN,7.5176,quadratic,7.8382985811685675,-0.32069858116856764
2022-10-23,PLN,7.5176,quadratic,7.842029418323721,-0.32442941832372085
2022-10-24,PLN,7.4583,quadratic,7.845759523437018,-0.38745952343701795
2022-10-25,PLN,7.5111,quadratic,7.8494888965084595,-0.3383888965084596
2022-10-26,PLN,7.5527,quadratic,7.853217537538044,-0.30051753753804444
2022-10-27,PLN,7.6999,quadratic,7.856945446525773,-0.1570454465257729
2022-10-28,PLN,7.7168,quadratic,7.860672623471647,-0.14387262347164675
2022-10-29,PLN,7.7168,quadratic,7.864399068375664,-0.14759906837566383
2022-10-30,PLN,7.7168,quadratic,7.868124781237825,-0.15132478123782533
2022-10-31,PLN,7.7004,quadratic,7.8718497620581305,-0.17144976205813034
2022-11-01,PLN,7.6909,quadratic,7.875574010836579,-0.18467401083657897
2022-11-02,PLN,7.726,quadratic,7.879297527573173,-0.15329752757317294
2022-11-03,PLN,7.7064,quadratic,7.8830203122679094,-0.17662031226790909
2022-11-04,PLN,7.5678,quadratic,7.886742364920791,-0.3189423649207912
2022-11-05,PLN,7.5678,quadratic,7.890463685531816,-0.3226636855318157
2022-11-06,PLN,7.5678,quadratic,7.8941842741009856,-0.32638427410098547
2022-11-07,PLN,7.6839,quadratic,7.897904130628298,-0.2140041306282976
2022-11-08,PLN,7.7868,quadratic,7.901623255113756,-0.11482325511375535
2022-11-09,PLN,7.7847,quadratic,7.905341647557357,-0.12064164755735707
2022-11-10,PLN,7.8185,quadratic,7.909059307959102,-0.09055930795910161
2022-11-11,PLN,7.7299,quadratic,7.912776236318991,-0.1828762363189913
2022-11-12,PLN,7.7299,quadratic,7.916492432637024,-0.18659243263702407
2022-11-13,PLN,7.7299,quadratic,7.920207896913201,-0.19030789691320127
2022-11-14,PLN,8.0622,quadratic,7.923922629147522,0.13827737085247893
2022-11-15,PLN,8.0604,quadratic,7.927636629339987,0.13276337066001265
2022-11-16,PLN,8.0825,quadratic,7.9313498974905965,0.15115010250940308
2022-11-17,PLN,8.0924,quadratic,7.93506243359935,0.15733756640065
2022-11-18,PLN,8.0099,quadratic,7.938774237666246,0.07112576233375378
2022-11-19,PLN,8.0099,quadratic,7.942485309691287,0.06741469030871272
2022-11-20,PLN,8.0099,quadratic,7.946195649674473,0.06370435032552724
2022-11-21,PLN,8.0569,quadratic,7.949905257615802,0.10699474238419882
2022-11-22,PLN,7.959,quadratic,7.953614133515275,0.005385866484724389
2022-11-23,PLN,7.9714,quadratic,7.957322277372892,0.014077722627107825
2022-11-24,PLN,8.0279,quadratic,7.961029689188654,0.06687031081134709
2022-11-25,PLN,8.1053,quadratic,7.9647363689625585,0.14056363103744118
2022-11-26,PLN,8.1053,quadratic,7.968442316694607,0.13685768330539272
2022-11-27,PLN,8.1053,quadratic,7.972147532384801,0.13315246761519894
2022-11-28,PLN,8.0925,quadratic,7.975852016033137,0.11664798396686216
2022-11-29,PLN,8.1672,quadratic,7.979555767639619,0.18764423236038041
2022-11-30,PLN,8.1139,quadratic,7.983258787204243,0.1306412127957559
2022-12-01,PLN,8.1276,quadratic,7.986961074727013,0.14063892527298627
2022-12-02,PLN,8.1336,quadratic,7.990662630207926,0.14293736979207328
2022-12-03,PLN,8.1336,quadratic,7.994363453646983,0.13923654635301652
2022-12-04,PLN,8.1336,quadratic,7.998063545044184,0.13553645495581534
2022-12-05,PLN,8.2245,quadratic,8.001762904399529,0.22273709560047195
2022-12-06,PLN,8.2589,quadratic,8.005461531713019,0.2534384682869817
2022-12-07,PLN,8.1888,quadratic,8.00915942698465,0.17964057301534986
2022-12-08,PLN,8.1956,quadratic,8.012856590214428,0.1827434097855729
2022-12-09,PLN,8.2119,quadratic,8.016553021402348,0.1953469785976516
2022-12-10,PLN,8.2119,quadratic,8.020248720548414,0.19165127945158567
2022-12-11,PLN,8.2119,quadratic,8.023943687652624,0.1879563123473762
2022-12-12,PLN,8.2247,quadratic,8.027637922714977,0.19706207728502356
2022-12-13,PLN,8.2252,quadratic,8.031331425735473,0.19386857426452586
2022-12-14,PLN,8.2132,quadratic,8.035024196714115,0.17817580328588534
2022-12-15,PLN,8.3116,quadratic,8.038716235650899,0.27288376434910155
2022-12-16,PLN,8.2834,quadratic,8.042407542545828,0.24099245745417264
2022-12-17,PLN,8.2834,quadratic,8.046098117398902,0.2373018826010984
2022-12-18,PLN,8.2834,quadratic,8.049787960210118,0.23361203978988243
2022-12-19,PLN,8.2817,quadratic,8.05347707097948,0.22822292902052155
2022-12-20,PLN,8.2832,quadratic,8.057165449706984,0.22603455029301678
2022-12-21,PLN,8.301,quadratic,8.060853096392634,0.240146903607366
2022-12-22,PLN,8.3305,quadratic,8.064540011036426,0.26595998896357465
2022-12-23,PLN,8.3677,quadratic,8.068226193638363,0.299473806361636
2022-12-24,PLN,8.3677,quadratic,8.071911644198444,0.29578835580155527
2022-12-25,PLN,8.3677,quadratic,8.07559636271667,0.2921036372833292
2022-12-26,PLN,8.3635,quadratic,8.079280349193038,0.2842196508069623
2022-12-27,PLN,8.3681,quadratic,8.082963603627551,0.28513639637244914
2022-12-28,PLN,8.3321,quadratic,8.08664612602021,0.24545387397979113
2022-12-29,PLN,8.2866,quadratic,8.09032791637101,0.1962720836289904
2022-12-30,PLN,8.2984,quadratic,8.094008974679955,0.20439102532004583
2022-12-31,PLN,8.2984,quadratic,8.097689300947044,0.2007106990529568
2023-01-01,PLN,8.2984,quadratic,8.101368895172277,0.19703110482772423
2023-01-02,PLN,8.3336,quadratic,8.105047757355653,0.22855224264434781
2023-01-03,PLN,8.3469,quadratic,8.108725887497174,0.2381741125028256
2023-01-04,PLN,8.2284,quadratic,8.112403285596839,0.1159967144031615
2023-01-05,PLN,8.3173,quadratic,8.116079951654648,0.2012200483453519
2023-01-06,PLN,8.3071,quadratic,8.119755885670601,0.1873441143293988
2023-01-07,PLN,8.3071,quadratic,8.123431087644699,0.18366891235530147
2023-01-08,PLN,8.3071,quadratic,8.12710555757694,0.17999444242306062
2023-01-09,PLN,8.171,quadratic,8.130779295467324,0.040220704532675455
2023-01-10,PLN,8.3249,quadratic,8.134452301315854,0.1904476986841459
2023-01-11,PLN,8.3488,quadratic,8.138124575122527,0.21067542487747382
2023-01-12,PLN,8.3879,quadratic,8.141796116887344,0.24610388311265652
2023-01-13,PLN,8.3908,quadratic,8.145466926610304,0.24533307338969657
2023-01-14,PLN,8.3908,quadratic,8.14913700429141,0.24166299570859096
2023-01-15,PLN,8.3908,quadratic,8.152806349930659,0.2379936500693418
2023-01-16,PLN,8.4318,quadratic,8.156474963528051,0.2753250364719495
2023-01-17,PLN,8.43,quadratic,8.160142845083588,0.26985715491641216
2023-01-18,PLN,8.4538,quadratic,8.163809994597269,0.28999000540273023
2023-01-19,PLN,8.4228,quadratic,8.167476412069094,0.25532358793090637
2023-01-20,PLN,8.3971,quadratic,8.171142097499063,0.22595790250093728
2023-01-21,PLN,8.3971,quadratic,8.174807050887175,0.22229294911282516
2023-01-22,PLN,8.3971,quadratic,8.178471272233432,0.21862872776656772
2023-01-23,PLN,8.3998,quadratic,8.182134761537833,0.21766523846216757
2023-01-24,PLN,8.4324,quadratic,8.185797518800378,0.2466024811996217
2023-01-25,PLN,8.4292,quadratic,8.189459544021068,0.23974045597893223
2023-01-26,PLN,8.4322,quadratic,8.1931208371999,0.23907916280010078
2023-01-27,PLN,8.4407,quadratic,8.196781398336878,0.24391860166312185
2023-01-28,PLN,8.4407,quadratic,8.200441227431998,0.24025877256800143
2023-01-29,PLN,8.4407,quadratic,8.204100324485262,0.23659967551473748
2023-01-30,PLN,8.4435,quadratic,8.207758689496671,0.2357413105033288
2023-01-31,PLN,8.4667,quadratic,8.211416322466224,0.25528367753377523
2023-02-01,PLN,8.4052,quadratic,8.215073223393922,0.19012677660607835
2023-02-02,PLN,8.4612,quadratic,8.218729392279762,0.24247060772023765
2023-02-03,PLN,8.5397,quadratic,8.222384829123747,0.3173151708762525
2023-02-04,PLN,8.5397,quadratic,8.226039533925876,0.3136604660741238
2023-02-05,PLN,8.5397,quadratic,8.229693506686148,0.31000649331385155
2023-02-06,PLN,8.5251,quadratic,8.233346747404566,0.2917532525954343
2023-02-07,PLN,8.3467,quadratic,8.236999256081127,0.1097007439188733
2023-02-08,PLN,8.2302,quadratic,8.240651032715832,-0.010451032715831587
2023-02-09,PLN,8.2884,quadratic,8.24430207730868,0.044097922691319624
2023-02-10,PLN,8.3101,quadratic,8.247952389859673,0.0621476101403271
2023-02-11,PLN,8.3101,quadratic,8.25160197036881,0.05849802963119011
2023-02-12,PLN,8.3101,quadratic,8.25525081883609,0.05484918116390958
2023-02-13,PLN,8.1639,quadratic,8.258898935261517,-0.09499893526151659
2023-02-14,PLN,8.1654,quadratic,8.262546319645084,-0.09714631964508413
2023-02-15,PLN,8.2589,quadratic,8.266192971986797,-0.007292971986796459
2023-02-16,PLN,8.2127,quadratic,8.269838892286653,-0.057138892286653586
2023-02-17,PLN,8.1868,quadratic,8.273484080544655,-0.08668408054465537
2023-02-18,PLN,8.1868,quadratic,8.2771285367608,-0.09032853676080066
2023-02-19,PLN,8.1868,quadratic,8.28077226093509,-0.09397226093508948
2023-02-20,PLN,8.1274,quadratic,8.284415253067522,-0.15701525306752195
2023-02-21,PLN,8.2278,quadratic,8.2880575131581,-0.06025751315809913
2023-02-22,PLN,8.2097,quadratic,8.291699041206819,-0.081999041206819
2023-02-23,PLN,8.2072,quadratic,8.295339837213684,-0.08813983721368324
2023-02-24,PLN,8.1853,quadratic,8.298979901178694,-0.11367990117869375
2023-02-25,PLN,8.1853,quadratic,8.302619233101845,-0.11731923310184555
2023-02-26,PLN,8.1853,quadratic,8.306257832983142,-0.12095783298314267
2023-02-27,PLN,8.1871,quadratic,8.309895700822583,-0.12279570082258395
2023-02-28,PLN,8.1851,quadratic,8.313532836620169,-0.1284328366201688
2023-03-01,PLN,8.2358,quadratic,8.317169240375897,-0.08136924037589743
2023-03-02,PLN,8.3541,quadratic,8.32080491208977,0.03329508791023095
2023-03-03,PLN,8.2714,quadratic,8.324439851761786,-0.053039851761786494
2023-03-04,PLN,8.2714,quadratic,8.328074059391948,-0.05667405939194836
2023-03-05,PLN,8.2714,quadratic,8.331707534980252,-0.06030753498025199
2023-03-06,PLN,8.241,quadratic,8.3353402785267,-0.09434027852670113
2023-03-07,PLN,8.265,quadratic,8.338972290031293,-0.07397229003129269
2023-03-08,PLN,8.3196,quadratic,8.342603569494031,-0.023003569494031595
2023-03-09,PLN,8.2469,quadratic,8.346234116914912,-0.09933411691491223
2023-03-10,PLN,8.2566,quadratic,8.349863932293937,-0.09326393229393659
2023-03-11,PLN,8.2566,quadratic,8.353493015631106,-0.09689301563110497
2023-03-12,PLN,8.2566,quadratic,8.357121366926417,-0.10052136692641689
2023-03-13,PLN,8.2723,quadratic,8.360748986179875,-0.08844898617987518
2023-03-14,PLN,8.3224,quadratic,8.364375873391475,-0.04197587339147546
2023-03-15,PLN,8.3802,quadratic,8.36800202856122,0.012197971438780542
2023-03-16,PLN,8.2178,quadratic,8.37162745168911,-0.15382745168910894
2023-03-17,PLN,8.2456,quadratic,8.375252142775143,-0.12965214277514292
2023-03-18,PLN,8.2456,quadratic,8.37887610181932,-0.1332761018193196
2023-03-19,PLN,8.2456,quadratic,8.38249932882164,-0.1368993288216398
2023-03-20,PLN,8.2564,quadratic,8.386121823782105,-0.12972182378210562
2023-03-21,PLN,8.3216,quadratic,8.389743586700712,-0.06814358670071208
2023-03-22,PLN,8.3936,quadratic,8.393364617577465,0.00023538242253451358
2023-03-23,PLN,8.4172,quadratic,8.396984916412363,0.020215083587636684
2023-03-24,PLN,8.4883,quadratic,8.400604483205402,0.0876955167945983
2023-03-25,PLN,8.4883,quadratic,8.404223317956587,0.08407668204341334
2023-03-26,PLN,8.4883,quadratic,8.407841420665916,0.08045857933408485
2023-03-27,PLN,8.3827,quadratic,8.41145879133339,-0.028758791333389766
2023-03-28,PLN,8.4062,quadratic,8.415075429959007,-0.008875429959006809
2023-03-29,PLN,8.4606,quadratic,8.418691336542766,0.04190866345723343
2023-03-30,PLN,8.472,quadratic,8.422306511084672,0.04969348891532732
2023-03-31,PLN,8.5002,quadratic,8.42592095358472,0.07427904641527938
2023-04-01,PLN,8.5002,quadratic,8.429534664042913,0.07066533595708613
2023-04-02,PLN,8.5002,quadratic,8.43314764245925,0.06705235754074934
2023-04-03,PLN,8.5039,quadratic,8.43675988883373,0.06714011116626928
2023-04-04,PLN,8.5055,quadratic,8.440371403166354,0.06512859683364525
2023-04-05,PLN,8.5357,quadratic,8.443982185457124,0.09171781454287675
2023-04-06,PLN,8.5481,quadratic,8.447592235706036,0.10050776429396358
2023-04-07,PLN,8.518,quadratic,8.451201553913092,0.06679844608690821
2023-04-08,PLN,8.518,quadratic,8.454810140078294,0.06318985992170667
2023-04-09,PLN,8.518,quadratic,8.458417994201639,0.05958200579836159
2023-04-10,PLN,8.5178,quadratic,8.462025116283128,0.05577488371687167
2023-04-11,PLN,8.5035,quadratic,8.46563150632276,0.03786849367724088
2023-04-12,PLN,8.5421,quadratic,8.469237164320537,0.07286283567946228
2023-04-13,PLN,8.5647,quadratic,8.472842090276458,0.09185790972354191
2023-04-14,PLN,8.6896,quadratic,8.476446284190523,0.21315371580947762
2023-04-15,PLN,8.6896,quadratic,8.48004974606273,0.20955025393726956
2023-04-16,PLN,8.6896,quadratic,8.483652475893084,0.2059475241069162
2023-04-17,PLN,8.7002,quadratic,8.48725447368158,0.21294552631842123
2023-04-18,PLN,8.6711,quadratic,8.490855739428222,0.18024426057177756
2023-04-19,PLN,8.688,quadratic,8.494456273133006,0.19354372686699506
2023-04-20,PLN,8.6426,quadratic,8.498056074795935,0.144543925204065
2023-04-21,PLN,8.6911,quadratic,8.501655144417008,0.18944485558299284
2023-04-22,PLN,8.6911,quadratic,8.505253481996224,0.1858465180037765
2023-04-23,PLN,8.6911,quadratic,8.508851087533584,0.1822489124664166
2023-04-24,PLN,8.7093,quadratic,8.512447961029089,0.19685203897091164
2023-04-25,PLN,8.7324,quadratic,8.516044102482738,0.21635589751726236
2023-04-26,PLN,8.7772,quadratic,8.51963951189453,0.2575604881054705
2023-04-27,PLN,8.7973,quadratic,8.523234189264468,0.27406581073553227
2023-04-28,PLN,8.7901,quadratic,8.526828134592547,0.26327186540745373
2023-04-29,PLN,8.7901,quadratic,8.530421347878772,0.2596786521212291
2023-04-30,PLN,8.7901,quadratic,8.53401382912314,0.2560861708768609
2023-05-01,PLN,8.7577,quadratic,8.537605578325653,0.22009442167434656
2023-05-02,PLN,8.7556,quadratic,8.54119659548631,0.2144034045136891
2023-05-03,PLN,8.7638,quadratic,8.54478688060511,0.219013119394889
2023-05-04,PLN,8.8151,quadratic,8.548376433682055,0.26672356631794436
2023-05-05,PLN,8.8253,quadratic,8.551965254717144,0.27333474528285606
2023-05-06,PLN,8.8253,quadratic,8.555553343710377,0.26974665628962313
2023-05-07,PLN,8.8253,quadratic,8.559140700661754,0.26615929933824667
2023-05-08,PLN,8.7929,quadratic,8.562727325571274,0.2301726744287258
2023-05-09,PLN,8.8304,quadratic,8.566313218438939,0.26408678156106014
2023-05-10,PLN,8.7745,quadratic,8.569898379264746,0.20460162073525368
2023-05-11,PLN,8.8351,quadratic,8.5734828080487,0.2616171919513004
2023-05-12,PLN,8.8375,quadratic,8.577066504790796,0.2604334952092042
2023-05-13,PLN,8.8375,quadratic,8.580649469491037,0.256850530508963
2023-05-14,PLN,8.8375,quadratic,8.584231702149422,0.25326829785057825
2023-05-15,PLN,8.785,quadratic,8.58781320276595,0.19718679723404975
2023-05-16,PLN,8.8253,quadratic,8.591393971340622,0.23390602865937815
2023-05-17,PLN,8.8677,quadratic,8.59497400787344,0.2727259921265599
2023-05-18,PLN,8.7969,quadratic,8.5985533123644,0.19834668763560082
2023-05-19,PLN,8.7056,quadratic,8.602131884813504,0.10346811518649623
2023-05-20,PLN,8.7056,quadratic,8.605709725220752,0.0998902747792485
2023-05-21,PLN,8.7056,quadratic,8.609286833586145,0.09631316641385546
2023-05-22,PLN,8.7378,quadratic,8.612863209909682,0.12493679009031844
2023-05-23,PLN,8.7545,quadratic,8.616438854191363,0.1380611458086367
2023-05-24,PLN,8.7449,quadratic,8.620013766431187,0.12488623356881234
2023-05-25,PLN,8.7642,quadratic,8.623587946629156,0.1406120533708446
2023-05-26,PLN,8.701,quadratic,8.627161394785269,0.07383860521473196
2023-05-27,PLN,8.701,quadratic,8.630734110899525,0.07026588910047593
2023-05-28,PLN,8.701,quadratic,8.634306094971926,0.0666939050280746
2023-05-29,PLN,8.6684,quadratic,8.63787734700247,0.03052265299752932
2023-05-30,PLN,8.6631,quadratic,8.64144786699116,0.021652133008840835
2023-05-31,PLN,8.6834,quadratic,8.645017654937991,0.03838234506200955
2023-06-01,PLN,8.6062,quadratic,8.648586710842968,-0.042386710842968967
2023-06-02,PLN,8.6169,quadratic,8.652155034706087,-0.03525503470608804
2023-06-03,PLN,8.6169,quadratic,8.655722626527353,-0.03882262652735413
2023-06-04,PLN,8.6169,quadratic,8.659289486306761,-0.04238948630676198
2023-06-05,PLN,8.7422,quadratic,8.662855614044314,0.07934438595568594
2023-06-06,PLN,8.7282,quadratic,8.666421009740011,0.06177899025998812
2023-06-07,PLN,8.6934,quadratic,8.669985673393851,0.02341432660614906
2023-06-08,PLN,8.7667,quadratic,8.673549605005835,0.093150394994165
2023-06-09,PLN,8.7657,quadratic,8.677112804575964,0.08858719542403648
2023-06-10,PLN,8.7657,quadratic,8.680675272104237,0.08502472789576387
2023-06-11,PLN,8.7657,quadratic,8.684237007590653,0.08146299240934773
2023-06-12,PLN,8.8326,quadratic,8.687798011035213,0.1448019889647867
2023-06-13,PLN,8.8662,quadratic,8.691358282437918,0.17484171756208156
2023-06-14,PLN,8.8249,quadratic,8.694917821798766,0.12998217820123337
2023-06-15,PLN,8.8681,quadratic,8.69847662911776,0.1696233708822401
2023-06-16,PLN,8.855,quadratic,8.702034704394896,0.15296529560510486
2023-06-17,PLN,8.855,quadratic,8.705592047630176,0.14940795236982396
2023-06-18,PLN,8.855,quadratic,8.709148658823601,0.14585134117639953
2023-06-19,PLN,8.9655,quadratic,8.712704537975169,0.2527954620248316
2023-06-20,PLN,8.9616,quadratic,8.716259685084882,0.24534031491511854
2023-06-21,PLN,8.9891,quadratic,8.719814100152739,0.2692858998472616
2023-06-22,PLN,9.0095,quadratic,8.72336778317874,0.2861322168212599
2023-06-23,PLN,9.0827,quadratic,8.726920734162883,0.3557792658371177
2023-06-24,PLN,9.0827,quadratic,8.73047295310517,0.3522270468948303
2023-06-25,PLN,9.0827,quadratic,8.734024440005603,0.3486755599943976
2023-06-26,PLN,8.9873,quadratic,8.737575194864181,0.24972480513581807
2023-06-27,PLN,8.9953,quadratic,8.741125217680901,0.2541747823190992
2023-06-28,PLN,9.04,quadratic,8.744674508455766,0.29532549154423293
2023-06-29,PLN,8.9425,quadratic,8.748223067188775,0.19427693281122593
2023-06-30,PLN,8.9831,quadratic,8.751770893879927,0.2313291061200733
2023-07-01,PLN,8.9831,quadratic,8.755317988529223,0.2277820114707776
2023-07-02,PLN,8.9831,quadratic,8.758864351136664,0.22423564886333658
2023-07-03,PLN,8.9436,quadratic,8.762409981702248,0.18119001829775172
2023-07-04,PLN,8.9858,quadratic,8.765954880225976,0.219845119774023
2023-07-05,PLN,9.0104,quadratic,8.769499046707848,0.24090095329215266
2023-07-06,PLN,8.9298,quadratic,8.773042481147865,0.1567575188521353
2023-07-07,PLN,8.8975,quadratic,8.776585183546025,0.1209148164539755
2023-07-08,PLN,8.8975,quadratic,8.78012715390233,0.11737284609767151
2023-07-09,PLN,8.8975,quadratic,8.783668392216779,0.11383160778322221
2023-07-10,PLN,8.8884,quadratic,8.787208898489371,0.10119110151062927
2023-07-11,PLN,9.0008,quadratic,8.790748672720108,0.21005132727989206
2023-07-12,PLN,9.0141,quadratic,8.794287714908988,0.21981228509101136
2023-07-13,PLN,9.0539,quadratic,8.797826025056013,0.25607397494398754
2023-07-14,PLN,9.2198,quadratic,8.80136360316118,0.4184363968388194
2023-07-15,PLN,9.2198,quadratic,8.804900449224494,0.41489955077550533
2023-07-16,PLN,9.2198,quadratic,8.80843656324595,0.4113634367540495
2023-07-17,PLN,9.2312,quadratic,8.811971945225551,0.41922805477444847
2023-07-18,PLN,9.2329,quadratic,8.815506595163294,0.41739340483670695
2023-07-19,PLN,9.252,quadratic,8.819040513059182,0.43295948694081865
2023-07-20,PLN,9.2147,quadratic,8.822573698913216,0.39212630108678503
2023-07-21,PLN,9.2085,quadratic,8.82610615272539,0.38239384727461
2023-07-22,PLN,9.2085,quadratic,8.829637874495711,0.37886212550428944
2023-07-23,PLN,9.2085,quadratic,8.833168864224177,0.37533113577582355
2023-07-24,PLN,9.1262,quadratic,8.836699121910785,0.2895008780892159
2023-07-25,PLN,9.1255,quadratic,8.840228647555538,0.2852713524444628
2023-07-26,PLN,9.1289,quadratic,8.843757441158434,0.2851425588415655
2023-07-27,PLN,9.1497,quadratic,8.847285502719474,0.30241449728052494
2023-07-28,PLN,9.1994,quadratic,8.850812832238658,0.3485871677613428
2023-07-29,PLN,9.1994,quadratic,8.854339429715987,0.34506057028401393
2023-07-30,PLN,9.1994,quadratic,8.85786529515146,0.34153470484854154
2023-07-31,PLN,9.12,quadratic,8.861390428545075,0.25860957145492414
2023-08-01,PLN,9.1566,quadratic,8.864914829896836,0.29168517010316286
2023-08-02,PLN,9.0682,quadratic,8.86843849920674,0.19976150079325983
2023-08-03,PLN,9.0317,quadratic,8.871961436474788,0.1597385635252131
2023-08-04,PLN,8.9666,quadratic,8.875483641700981,0.09111635829901843
2023-08-05,PLN,8.9666,quadratic,8.879005114885317,0.08759488511468305
2023-08-06,PLN,8.9666,quadratic,8.882525856027797,0.08407414397220236
2023-08-07,PLN,8.9938,quadratic,8.886045865128422,0.1077541348715787
2023-08-08,PLN,9.0967,quadratic,8.889565142187191,0.20713485781280916
2023-08-09,PLN,9.0099,quadratic,8.893083687204102,0.11681631279589766
2023-08-10,PLN,8.9847,quadratic,8.896601500179159,0.08809849982084117
2023-08-11,PLN,9.0315,quadratic,8.900118581112359,0.13138141888764032
2023-08-12,PLN,9.0315,quadratic,8.903634930003705,0.12786506999629488
2023-08-13,PLN,9.0315,quadratic,8.907150546853192,0.12434945314680768
2023-08-14,PLN,9.0646,quadratic,8.910665431660824,0.15393456833917618
2023-08-15,PLN,9.0239,quadratic,8.9141795844266,0.10972041557339907
2023-08-16,PLN,8.9044,quadratic,8.917693005150522,-0.013293005150520898
2023-08-17,PLN,8.9642,quadratic,8.921205693832585,0.042994306167415175
2023-08-18,PLN,8.9074,quadratic,8.924717650472793,-0.017317650472792323
2023-08-19,PLN,8.9074,quadratic,8.928228875071145,-0.02082887507114428
2023-08-20,PLN,8.9074,quadratic,8.931739367627642,-0.02433936762764155
2023-08-21,PLN,8.8806,quadratic,8.935249128142283,-0.05464912814228384
2023-08-22,PLN,8.9057,quadratic,8.938758156615068,-0.03305815661506806
2023-08-23,PLN,8.915,quadratic,8.942266453045995,-0.027266453045996286
2023-08-24,PLN,8.8289,quadratic,8.945774017435067,-0.11687401743506598
2023-08-25,PLN,8.8587,quadratic,8.949280849782284,-0.09058084978228287
2023-08-26,PLN,8.8587,quadratic,8.952786950087644,-0.09408695008764312
2023-08-27,PLN,8.8587,quadratic,8.95629231835115,-0.09759231835114868
2023-08-28,PLN,8.842,quadratic,8.959796954572797,-0.11779695457279615
2023-08-29,PLN,8.8283,quadratic,8.96330085875259,-0.13500085875258883
2023-08-30,PLN,8.8392,quadratic,8.966804030890525,-0.12760403089052552
2023-08-31,PLN,8.8934,quadratic,8.970306470986605,-0.07690647098660541
2023-09-01,PLN,8.8957,quadratic,8.97380817904083,-0.07810817904083045
2023-09-02,PLN,8.8957,quadratic,8.977309155053199,-0.08160915505319899
2023-09-03,PLN,8.8957,quadratic,8.98080939902371,-0.08510939902371106
2023-09-04,PLN,8.8662,quadratic,8.984308910952366,-0.1181089109523672
2023-09-05,PLN,8.8445,quadratic,8.987807690839167,-0.14330769083916728
2023-09-06,PLN,8.7432,quadratic,8.991305738684112,-0.2481057386841119
2023-09-07,PLN,8.7261,quadratic,8.9948030544872,-0.2687030544871991
2023-09-08,PLN,8.5335,quadratic,8.998299638248431,-0.4647996382484312
2023-09-09,PLN,8.5335,quadratic,9.001795489967808,-0.468295489967808
2023-09-10,PLN,8.5335,quadratic,9.005290609645328,-0.4717906096453284
2023-09-11,PLN,8.4663,quadratic,9.008784997280992,-0.542484997280992
2023-09-12,PLN,8.4458,quadratic,9.012278652874802,-0.5664786528748014
2023-09-13,PLN,8.405,quadratic,9.015771576426754,-0.610771576426755
2023-09-14,PLN,8.4988,quadratic,9.019263767936849,-0.5204637679368496
2023-09-15,PLN,8.4742,quadratic,9.02275522740509,-0.5485552274050907
2023-09-16,PLN,8.4742,quadratic,9.026245954831474,-0.552045954831474
2023-09-17,PLN,8.4742,quadratic,9.029735950216002,-0.5555359502160027
2023-09-18,PLN,8.4043,quadratic,9.033225213558675,-0.6289252135586754
2023-09-19,PLN,8.4052,quadratic,9.03671374485949,-0.6315137448594896
2023-09-20,PLN,8.4056,quadratic,9.040201544118451,-0.6346015441184516
2023-09-21,PLN,8.4281,quadratic,9.043688611335556,-0.6155886113355553
2023-09-22,PLN,8.4075,quadratic,9.047174946510804,-0.6396749465108034
2023-09-23,PLN,8.4075,quadratic,9.050660549644196,-0.643160549644195
2023-09-24,PLN,8.4075,quadratic,9.054145420735733,-0.646645420735732
2023-09-25,PLN,8.4624,quadratic,9.057629559785411,-0.5952295597854107
2023-09-26,PLN,8.4714,quadratic,9.061112966793237,-0.5897129667932379
2023-09-27,PLN,8.4091,quadratic,9.064595641759205,-0.6554956417592042
2023-09-28,PLN,8.3429,quadratic,9.068077584683316,-0.7251775846833155
2023-09-29,PLN,8.3165,quadratic,9.071558795565572,-0.7550587955655725
2023-09-30,PLN,8.3165,quadratic,9.075039274405974,-0.7585392744059742
2023-10-01,PLN,8.3165,quadratic,9.078519021204517,-0.7620190212045177
2023-10-02,PLN,8.3704,quadratic,9.081998035961206,-0.711598035961206
2023-10-03,PLN,8.3526,quadratic,9.085476318676038,-0.7328763186760376
2023-10-04,PLN,8.2871,quadratic,9.088953869349014,-0.8018538693490136
2023-10-05,PLN,8.3021,quadratic,9.092430687980134,-0.7903306879801342
2023-10-06,PLN,8.3708,quadratic,9.095906774569398,-0.7251067745693991
2023-10-07,PLN,8.3708,quadratic,9.099382129116806,-0.7285821291168073
2023-10-08,PLN,8.3708,quadratic,9.102856751622358,-0.7320567516223591
2023-10-09,PLN,8.4106,quadratic,9.106330642086055,-0.6957306420860547
2023-10-10,PLN,8.4014,quadratic,9.109803800507894,-0.7084038005078934
2023-10-11,PLN,8.4667,quadratic,9.11327622688788,-0.6465762268878805
2023-10-12,PLN,8.5554,quadratic,9.116747921226008,-0.5613479212260071
2023-10-13,PLN,8.5318,quadratic,9.120218883522279,-0.5884188835222783
2023-10-14,PLN,8.5318,quadratic,9.123689113776695,-0.5918891137766948
2023-10-15,PLN,8.5318,quadratic,9.127158611989255,-0.5953586119892549
2023-10-16,PLN,8.4369,quadratic,9.13062737815996,-0.6937273781599611
2023-10-17,PLN,8.5546,quadratic,9.134095412288808,-0.5794954122888072
2023-10-18,PLN,8.7105,quadratic,9.1375627143758,-0.42706271437580057
2023-10-19,PLN,8.6923,quadratic,9.141029284420936,-0.44872928442093674
2023-10-20,PLN,8.6801,quadratic,9.144495122424217,-0.464395122424218
2023-10-21,PLN,8.6801,quadratic,9.14796022838564,-0.467860228385641
2023-10-22,PLN,8.6801,quadratic,9.151424602305209,-0.47132460230520934
2023-10-23,PLN,8.6674,quadratic,9.15488824418292,-0.48748824418292
2023-10-24,PLN,8.6964,quadratic,9.158351154018778,-0.4619511540187773
2023-10-25,PLN,8.7174,quadratic,9.161813331812777,-0.4444133318127772
2023-10-26,PLN,8.6148,quadratic,9.165274777564921,-0.5504747775649204
2023-10-27,PLN,8.607,quadratic,9.168735491275209,-0.5617354912752095
2023-10-28,PLN,8.607,quadratic,9.172195472943642,-0.5651954729436426
2023-10-29,PLN,8.607,quadratic,9.175654722570219,-0.5686547225702192
2023-10-30,PLN,8.5746,quadratic,9.179113240154937,-0.6045132401549367
2023-10-31,PLN,8.653,quadratic,9.182571025697802,-0.5295710256978019
2023-11-01,PLN,8.6812,quadratic,9.18602807919881,-0.5048280791988091
2023-11-02,PLN,8.5627,quadratic,9.189484400657962,-0.6267844006579626
2023-11-03,PLN,8.6931,quadratic,9.192939990075258,-0.4998399900752588
2023-11-04,PLN,8.6931,quadratic,9.196394847450698,-0.5032948474506984
2023-11-05,PLN,8.6931,quadratic,9.199848972784283,-0.5067489727842833
2023-11-06,PLN,8.7086,quadratic,9.203302366076011,-0.4947023660760106
2023-11-07,PLN,8.6691,quadratic,9.206755027325883,-0.5376550273258829
2023-11-08,PLN,8.6265,quadratic,9.210206956533899,-0.5837069565338986
2023-11-09,PLN,8.6108,quadratic,9.21365815370006,-0.6028581537000601
2023-11-10,PLN,8.6585,quadratic,9.217108618824362,-0.558608618824362
2023-11-11,PLN,8.6585,quadratic,9.220558351906812,-0.5620583519068116
2023-11-12,PLN,8.6585,quadratic,9.224007352947403,-0.5655073529474031
2023-11-13,PLN,8.7107,quadratic,9.22745562194614,-0.5167556219461407
2023-11-14,PLN,8.7175,quadratic,9.230903158903018,-0.513403158903019
2023-11-15,PLN,8.8163,quadratic,9.234349963818044,-0.41804996381804393
2023-11-16,PLN,8.9612,quadratic,9.237796036691211,-0.27659603669121147
2023-11-17,PLN,8.9981,quadratic,9.241241377522524,-0.24314137752252307
2023-11-18,PLN,8.9981,quadratic,9.24468598631198,-0.24658598631197925
2023-11-19,PLN,8.9981,quadratic,9.24812986305958,-0.25002986305957897
2023-11-20,PLN,8.9709,quadratic,9.251573007765323,-0.2806730077653228
2023-11-21,PLN,9.0144,quadratic,9.255015420429212,-0.24061542042921147
2023-11-22,PLN,9.0407,quadratic,9.258457101051244,-0.21775710105124446
2023-11-23,PLN,9.0142,quadratic,9.26189804963142,-0.24769804963141873
2023-11-24,PLN,8.9957,quadratic,9.26533826616974,-0.26963826616974096
2023-11-25,PLN,8.9957,quadratic,9.268777750666203,-0.27307775066620366
2023-11-26,PLN,8.9957,quadratic,9.272216503120813,-0.27651650312081344
2023-11-27,PLN,9.0189,quadratic,9.275654523533564,-0.256754523533564
2023-11-28,PLN,9.1033,quadratic,9.27909181190446,-0.17579181190445858
2023-11-29,PLN,9.1586,quadratic,9.2825283682335,-0.12392836823349995
2023-11-30,PLN,9.2239,quadratic,9.285964192520684,-0.06206419252068329
2023-12-01,PLN,9.1384,quadratic,9.289399284766013,-0.1509992847660122
2023-12-02,PLN,9.1384,quadratic,9.292833644969484,-0.1544336449694832
2023-12-03,PLN,9.1384,quadratic,9.2962672731311,-0.1578672731310995
2023-12-04,PLN,9.1277,quadratic,9.29970016925086,-0.17200016925085926
2023-12-05,PLN,9.149,quadratic,9.303132333328765,-0.15413233332876608
2023-12-06,PLN,9.1661,quadratic,9.306563765364812,-0.14046376536481198
2023-12-07,PLN,9.1139,quadratic,9.309994465359004,-0.1960944653590051
2023-12-08,PLN,9.1233,quadratic,9.31342443331134,-0.19012443331133966
2023-12-09,PLN,9.1233,quadratic,9.316853669221821,-0.1935536692218207
2023-12-10,PLN,9.1233,quadratic,9.320282173090444,-0.19698217309044352
2023-12-11,PLN,9.1451,quadratic,9.323709944917212,-0.17860994491721272
2023-12-12,PLN,9.1611,quadratic,9.327136984702124,-0.16603698470212436
2023-12-13,PLN,9.2008,quadratic,9.33056329244518,-0.12976329244518148
2023-12-14,PLN,9.2261,quadratic,9.333988868146381,-0.10788886814638055
2023-12-15,PLN,9.376,quadratic,9.337413711805723,0.03858628819427601
2023-12-16,PLN,9.376,quadratic,9.340837823423213,0.03516217657678666
2023-12-17,PLN,9.376,quadratic,9.344261202998844,0.03173879700115556
2023-12-18,PLN,9.3936,quadratic,9.34768385053262,0.045916149467378986
2023-12-19,PLN,9.3467,quadratic,9.35110576602454,-0.004405766024540014
2023-12-20,PLN,9.4346,quadratic,9.354526949474604,0.08007305052539593
2023-12-21,PLN,9.4546,quadratic,9.357947400882813,0.09665259911718671
2023-12-22,PLN,9.5111,quadratic,9.361367120249163,0.1497328797508377
2023-12-23,PLN,9.5111,quadratic,9.36478610757366,0.14631389242634008
2023-12-24,PLN,9.5111,quadratic,9.3682043628563,0.14289563714370068
2023-12-25,PLN,9.5279,quadratic,9.371621886097085,0.1562781139029159
2023-12-26,PLN,9.5385,quadratic,9.375038677296011,0.1634613227039896
2023-12-27,PLN,9.4901,quadratic,9.378454736453083,0.11164526354691695
2023-12-28,PLN,9.6137,quadratic,9.3818700635683,0.23182993643169958
2023-12-29,PLN,9.7333,quadratic,9.385284658641659,0.3480153413583409
2023-12-30,PLN,9.7333,quadratic,9.388698521673163,0.34460147832683674
2023-12-31,PLN,9.7333,quadratic,9.392111652662813,0.3411883473371873
2024-01-01,PLN,9.6796,quadratic,9.395524051610604,0.28407594838939687
2024-01-02,PLN,9.6606,quadratic,9.39893571851654,0.2616642814834602
2024-01-03,PLN,9.558,quadratic,9.402346653380619,0.15565334661938124
2024-01-04,PLN,9.5373,quadratic,9.405756856202844,0.13154314379715615
2024-01-05,PLN,9.5872,quadratic,9.409166326983211,0.17803367301678819
2024-01-06,PLN,9.5872,quadratic,9.412575065721724,0.17462493427827575
2024-01-07,PLN,9.5872,quadratic,9.41598307241838,0.17121692758161977
2024-01-08,PLN,9.5416,quadratic,9.419390347073179,0.12220965292682173
2024-01-09,PLN,9.6165,quadratic,9.422796889686122,0.1937031103138782
2024-01-10,PLN,9.6305,quadratic,9.42620270025721,0.2042972997427892
2024-01-11,PLN,9.6294,quadratic,9.429607778786442,0.1997922212135581
2024-01-12,PLN,9.6008,quadratic,9.43301212527382,0.16778787472618006
2024-01-13,PLN,9.6008,quadratic,9.436415739719338,0.1643842602806611
2024-01-14,PLN,9.6008,quadratic,9.439818622123003,0.16098137787699685
2024-01-15,PLN,9.4881,quadratic,9.44322077248481,0.0448792275151888
2024-01-16,PLN,9.5057,quadratic,9.446622190804762,0.05907780919523731
2024-01-17,PLN,9.4125,quadratic,9.450022877082858,-0.03752287708285884
2024-01-18,PLN,9.3716,quadratic,9.453422831319099,-0.08182283131909784
2024-01-19,PLN,9.3287,quadratic,9.456822053513482,-0.12812205351348283
2024-01-20,PLN,9.3287,quadratic,9.46022054366601,-0.13152054366601007
2024-01-21,PLN,9.3287,quadratic,9.463618301776682,-0.13491830177668263
2024-01-22,PLN,9.3606,quadratic,9.467015327845498,-0.10641532784549845
2024-01-23,PLN,9.3506,quadratic,9.470411621872458,-0.11981162187245786
2024-01-24,PLN,9.2868,quadratic,9.473807183857561,-0.18700718385756154
2024-01-25,PLN,9.3472,quadratic,9.47720201380081,-0.13000201380080867
2024-01-26,PLN,9.3466,quadratic,9.480596111702202,-0.13399611170220105
2024-01-27,PLN,9.3466,quadratic,9.483989477561737,-0.13738947756173658
2024-01-28,PLN,9.3466,quadratic,9.487382111379416,-0.14078211137941565
2024-01-29,PLN,9.3771,quadratic,9.49077401315524,-0.11367401315524006
2024-01-30,PLN,9.3892,quadratic,9.494165182889208,-0.10496518288920775
2024-01-31,PLN,9.4155,quadratic,9.49755562058132,-0.0820556205813201
2024-02-01,PLN,9.3935,quadratic,9.500945326231577,-0.1074453262315771
2024-02-02,PLN,9.3768,quadratic,9.504334299839977,-0.12753429983997755
2024-02-03,PLN,9.3768,quadratic,9.507722541406519,-0.1309225414065196
2024-02-04,PLN,9.3768,quadratic,9.511110050931208,-0.13431005093120874
2024-02-05,PLN,9.4766,quadratic,9.514496828414039,-0.03789682841403952
2024-02-06,PLN,9.3196,quadratic,9.517882873855015,-0.19828287385501575
2024-02-07,PLN,9.2843,quadratic,9.521268187254135,-0.23696818725413493
2024-02-08,PLN,9.3169,quadratic,9.5246527686114,-0.20775276861139957
2024-02-09,PLN,9.3124,quadratic,9.528036617926807,-0.21563661792680655
2024-02-10,PLN,9.3124,quadratic,9.531419735200359,-0.21901973520035867
2024-02-11,PLN,9.3124,quadratic,9.534802120432055,-0.22240212043205432
2024-02-12,PLN,9.3763,quadratic,9.538183773621894,-0.1618837736218932
2024-02-13,PLN,9.4424,quadratic,9.541564694769878,-0.09916469476987899
2024-02-14,PLN,9.5107,quadratic,9.544944883876006,-0.03424488387600633
2024-02-15,PLN,9.4151,quadratic,9.548324340940278,-0.13322434094027713
2024-02-16,PLN,9.3897,quadratic,9.551703065962695,-0.1620030659626952
2024-02-17,PLN,9.3897,quadratic,9.555081058943253,-0.16538105894325383
2024-02-18,PLN,9.3897,quadratic,9.558458319881957,-0.16875831988195777
2024-02-19,PLN,9.4223,quadratic,9.561834848778805,-0.13953484877880484
2024-02-20,PLN,9.5276,quadratic,9.565210645633798,-0.0376106456337979
2024-02-21,PLN,9.6103,quadratic,9.568585710446932,0.04171428955306844
2024-02-22,PLN,9.6704,quadratic,9.571960043218212,0.09843995678178885
2024-02-23,PLN,9.6648,quadratic,9.575333643947637,0.08946635605236253
2024-02-24,PLN,9.6648,quadratic,9.578706512635204,0.0860934873647956
2024-02-25,PLN,9.6648,quadratic,9.582078649280916,0.08272135071908338
2024-02-26,PLN,9.639,quadratic,9.585450053884772,0.05354994611522734
2024-02-27,PLN,9.6586,quadratic,9.588820726446771,0.06977927355322855
2024-02-28,PLN,9.6735,quadratic,9.592190666966916,0.08130933303308474
2024-02-29,PLN,9.6105,quadratic,9.595559875445202,0.014940124554797762
2024-03-01,PLN,9.5395,quadratic,9.598928351881636,-0.05942835188163542
2024-03-02,PLN,9.5395,quadratic,9.602296096276211,-0.06279609627621063
2024-03-03,PLN,9.5395,quadratic,9.60566310862893,-0.06616310862892938
2024-03-04,PLN,9.5554,quadratic,9.609029388939794,-0.05362938893979319
2024-03-05,PLN,9.6152,quadratic,9.612394937208801,0.0028050627911984094
2024-03-06,PLN,9.6311,quadratic,9.615759753435952,0.015340246564047533
2024-03-07,PLN,9.6774,quadratic,9.619123837621249,0.05827616237875155
2024-03-08,PLN,9.6419,quadratic,9.622487189764689,0.01941281023531083
2024-03-09,PLN,9.6419,quadratic,9.625849809866272,0.016050190133727327
2024-03-10,PLN,9.6419,quadratic,9.629211697926001,0.012688302073998514
2024-03-11,PLN,9.6844,quadratic,9.632572853943872,0.05182714605612837
2024-03-12,PLN,9.802,quadratic,9.635933277919888,0.16606672208011197
2024-03-13,PLN,9.8065,quadratic,9.639292969854047,0.16720703014595273
2024-03-14,PLN,9.8888,quadratic,9.642651929746352,0.24614807025364804
2024-03-15,PLN,9.8459,quadratic,9.646010157596798,0.19988984240320207
2024-03-16,PLN,9.8459,quadratic,9.649367653405392,0.1965323465946085
2024-03-17,PLN,9.8459,quadratic,9.652724417172127,0.19317558282787317
2024-03-18,PLN,9.8339,quadratic,9.656080448897006,0.17781955110299386
2024-03-19,PLN,9.8443,quadratic,9.65943574858003,0.18486425141997032
2024-03-20,PLN,9.8262,quadratic,9.662790316221198,0.16340968377880216
2024-03-21,PLN,9.8129,quadratic,9.66614415182051,0.14675584817949172
2024-03-22,PLN,9.8725,quadratic,9.669497255377966,0.20300274462203483
2024-03-23,PLN,9.8725,quadratic,9.672849626893566,0.19965037310643474
2024-03-24,PLN,9.8725,quadratic,9.676201266367308,0.1962987336326929
2024-03-25,PLN,9.7564,quadratic,9.679552173799197,0.07684782620080277
2024-03-26,PLN,9.8666,quadratic,9.682902349189227,0.18369765081077283
2024-03-27,PLN,9.9023,quadratic,9.686251792537403,0.21604820746259712
2024-03-28,PLN,9.8329,quadratic,9.689600503843723,0.14329949615627768
2024-03-29,PLN,9.8289,quadratic,9.692948483108188,0.13595151689181328
2024-03-30,PLN,9.8289,quadratic,9.696295730330794,0.1326042696692067
2024-03-31,PLN,9.8289,quadratic,9.699642245511546,0.12925775448845478
2024-04-01,PLN,9.7772,quadratic,9.702988028650442,0.07421197134955904
2024-04-02,PLN,9.8265,quadratic,9.706333079747482,0.12016692025251707
2024-04-03,PLN,9.839,quadratic,9.709677398802665,0.12932260119733563
2024-04-04,PLN,9.8369,quadratic,9.713020985815993,0.12387901418400737
2024-04-05,PLN,9.859,quadratic,9.716363840787464,0.14263615921253603
2024-04-06,PLN,9.859,quadratic,9.71970596371708,0.13929403628291936
2024-04-07,PLN,9.859,quadratic,9.72304735460484,0.13595264539515917
2024-04-08,PLN,9.8244,quadratic,9.726388013450743,0.09801198654925791
2024-04-09,PLN,9.8654,quadratic,9.729727940254792,0.13567205974520746
2024-04-10,PLN,9.9519,quadratic,9.733067135016983,0.21883286498301757
2024-04-11,PLN,9.9503,quadratic,9.736405597737319,0.21389440226268164
2024-04-12,PLN,9.8674,quadratic,9.739743328415798,0.12765667158420158
2024-04-13,PLN,9.8674,quadratic,9.743080327052422,0.1243196729475784
2024-04-14,PLN,9.8674,quadratic,9.74641659364719,0.12098340635280991
2024-04-15,PLN,9.8527,quadratic,9.749752128200102,0.1029478717998984
2024-04-16,PLN,9.8205,quadratic,9.753086930711156,0.06741306928884327
2024-04-17,PLN,9.7042,quadratic,9.756421001180357,-0.05222100118035655
2024-04-18,PLN,9.6614,quadratic,9.7597543396077,-0.0983543396076989
2024-04-19,PLN,9.769,quadratic,9.763086945993187,0.005913054006812857
2024-04-20,PLN,9.769,quadratic,9.766418820336819,0.0025811796631813877
2024-04-21,PLN,9.769,quadratic,9.769749962638596,-0.0007499626385953917
2024-04-22,PLN,9.7865,quadratic,9.773080372898514,0.013419627101486142
2024-04-23,PLN,9.7987,quadratic,9.776410051116578,0.022289948883422284
2024-04-24,PLN,9.7956,quadratic,9.779738997292785,0.01586100270721502
2024-04-25,PLN,9.7656,quadratic,9.783067211427138,-0.017467211427138807
2024-04-26,PLN,9.8591,quadratic,9.786394693519632,0.07270530648036733
2024-04-27,PLN,9.8591,quadratic,9.789721443570272,0.06937855642972757
2024-04-28,PLN,9.8591,quadratic,9.793047461579057,0.0660525384209425
2024-04-29,PLN,9.8181,quadratic,9.796372747545984,0.0217272524540153
2024-04-30,PLN,9.8283,quadratic,9.799697301471056,0.02860269852894426
2024-05-01,PLN,9.8118,quadratic,9.80302112335427,0.008778876645729738
2024-05-02,PLN,9.7465,quadratic,9.806344213195631,-0.059844213195631824
2024-05-03,PLN,9.7768,quadratic,9.809666570995134,-0.032866570995134126
2024-05-04,PLN,9.7768,quadratic,9.812988196752782,-0.036188196752782176
2024-05-05,PLN,9.7768,quadratic,9.816309090468573,-0.03950909046857376
2024-05-06,PLN,9.7825,quadratic,9.819629252142509,-0.03712925214250795
2024-05-07,PLN,9.812,quadratic,9.822948681774589,-0.01094868177458963
2024-05-08,PLN,9.8102,quadratic,9.826267379364811,-0.016067379364811174
2024-05-09,PLN,9.8251,quadratic,9.82958534491318,-0.004485344913179645
2024-05-10,PLN,9.8875,quadratic,9.832902578419692,0.05459742158030778
2024-05-11,PLN,9.8875,quadratic,9.836219079884348,0.05128092011565144
2024-05-12,PLN,9.8875,quadratic,9.839534849307146,0.04796515069285334
2024-05-13,PLN,9.9703,quadratic,9.84284988668809,0.12745011331191058
2024-05-14,PLN,9.9762,quadratic,9.846164192027178,0.13003580797282233
2024-05-15,PLN,10.0328,quadratic,9.849477765324409,0.1833222346755914
2024-05-16,PLN,10.0383,quadratic,9.852790606579784,0.18550939342021522
2024-05-17,PLN,10.0485,quadratic,9.856102715793305,0.19239728420669522
2024-05-18,PLN,10.0485,quadratic,9.859414092964968,0.18908590703503236
2024-05-19,PLN,10.0485,quadratic,9.862724738094776,0.1857752619052242
2024-05-20,PLN,10.0176,quadratic,9.866034651182726,0.15156534881727346
2024-05-21,PLN,10.1259,quadratic,9.869343832228822,0.25655616777117807
2024-05-22,PLN,10.1668,quadratic,9.872652281233062,0.2941477187669381
2024-05-23,PLN,10.0971,quadratic,9.875959998195444,0.22114000180455484
2024-05-24,PLN,10.1527,quadratic,9.879266983115972,0.2734330168840273
2024-05-25,PLN,10.1527,quadratic,9.882573235994645,0.2701267640053544
2024-05-26,PLN,10.1527,quadratic,9.88587875683146,0.2668212431685397
2024-05-27,PLN,10.2168,quadratic,9.88918354562642,0.32761645437357956
2024-05-28,PLN,10.2841,quadratic,9.892487602379523,0.3916123976204773
2024-05-29,PLN,10.3446,quadratic,9.89579092709077,0.44880907290922956
2024-05-30,PLN,10.3058,quadratic,9.899093519760163,0.406706480239837
2024-05-31,PLN,10.2301,quadratic,9.902395380387699,0.3277046196123017
2024-06-01,PLN,10.2301,quadratic,9.905696508973378,0.32440349102662225
2024-06-02,PLN,10.2301,quadratic,9.908996905517201,0.3211030944827993
2024-06-03,PLN,10.3167,quadratic,9.912296570019167,0.40440342998083345
2024-06-04,PLN,10.2534,quadratic,9.91559550247928,0.33780449752071995
2024-06-05,PLN,10.1883,quadratic,9.918893702897535,0.26940629710246533
2024-06-06,PLN,10.1283,quadratic,9.922191171273933,0.20610882872606595
2024-06-07,PLN,10.1439,quadratic,9.925487907608478,0.2184120923915227
2024-06-08,PLN,10.1439,quadratic,9.928783911901165,0.21511608809883498
2024-06-09,PLN,10.1439,quadratic,9.932079184151997,0.21182081584800372
2024-06-10,PLN,10.2309,quadratic,9.935373724360971,0.29552627563902867
2024-06-11,PLN,10.0491,quadratic,9.938667532528092,0.11043246747190771
2024-06-12,PLN,10.0098,quadratic,9.941960608653355,0.06783939134664507
2024-06-13,PLN,10.0318,quadratic,9.945252952736762,0.08654704726323814
2024-06-14,PLN,10.0885,quadratic,9.948544564778315,0.13995543522168497
2024-06-15,PLN,10.0885,quadratic,9.951835444778009,0.13666455522199072
2024-06-16,PLN,10.0885,quadratic,9.95512559273585,0.1333744072641494
2024-06-17,PLN,9.9471,quadratic,9.958415008651833,-0.01131500865183277
2024-06-18,PLN,9.9846,quadratic,9.96170369252596,0.022896307474040256
2024-06-19,PLN,9.9789,quadratic,9.964991644358232,0.0139083556417674
2024-06-20,PLN,10.0638,quadratic,9.968278864148648,0.09552113585135302
2024-06-21,PLN,10.0505,quadratic,9.971565351897206,0.07893464810279305
2024-06-22,PLN,10.0505,quadratic,9.97485110760391,0.07564889239608874
2024-06-23,PLN,10.0505,quadratic,9.978136131268757,0.07236386873124268
2024-06-24,PLN,10.0037,quadratic,9.981420422891748,0.022279577108252013
2024-06-25,PLN,10.1192,quadratic,9.984703982472885,0.13449601752711438
2024-06-26,PLN,10.1297,quadratic,9.987986810012163,0.14171318998783633
2024-06-27,PLN,10.0558,quadratic,9.991268905509587,0.0645310944904125
2024-06-28,PLN,10.0407,quadratic,9.994550268965154,0.046149731034844876
2024-06-29,PLN,10.0407,quadratic,9.997830900378865,0.042869099621134055
2024-06-30,PLN,10.0407,quadratic,10.001110799750721,0.03958920024927792
2024-07-01,PLN,10.041,quadratic,10.004389967080721,0.036610032919279334
2024-07-02,PLN,10.1601,quadratic,10.007668402368864,0.15243159763113567
2024-07-03,PLN,10.0983,quadratic,10.010946105615151,0.08735389438484908
2024-07-04,PLN,10.1992,quadratic,10.014223076819583,0.18497692318041636
2024-07-05,PLN,10.1994,quadratic,10.017499315982159,0.1819006840178421
2024-07-06,PLN,10.1994,quadratic,10.020774823102878,0.17862517689712298
2024-07-07,PLN,10.1994,quadratic,10.02404959818174,0.17535040181826034
2024-07-08,PLN,10.2475,quadratic,10.027323641218748,0.2201763587812522
2024-07-09,PLN,10.3075,quadratic,10.0305969522139,0.2769030477860994
2024-07-10,PLN,10.3397,quadratic,10.033869531167195,0.30583046883280574
2024-07-11,PLN,10.3557,quadratic,10.037141378078635,0.3185586219213654
2024-07-12,PLN,10.4305,quadratic,10.040412492948219,0.3900875070517813
2024-07-13,PLN,10.4305,quadratic,10.043682875775946,0.3868171242240539
2024-07-14,PLN,10.4305,quadratic,10.046952526561817,0.38354747343818296
2024-07-15,PLN,10.5019,quadratic,10.050221445305832,0.4516785546941673
2024-07-16,PLN,10.5183,quadratic,10.053489632007992,0.46481036799200837
2024-07-17,PLN,10.544,quadratic,10.056757086668295,0.48724291333170555
2024-07-18,PLN,10.5611,quadratic,10.060023809286742,0.5010761907132579
2024-07-19,PLN,10.5461,quadratic,10.063289799863334,0.4828102001366652
2024-07-20,PLN,10.5461,quadratic,10.06655505839807,0.4795449416019295
2024-07-21,PLN,10.5461,quadratic,10.069819584890949,0.4762804151090503
2024-07-22,PLN,10.5498,quadratic,10.073083379341972,0.4767166206580278
2024-07-23,PLN,10.5186,quadratic,10.07634644175114,0.4422535582488596
2024-07-24,PLN,10.4694,quadratic,10.079608772118451,0.38979122788154896
2024-07-25,PLN,10.4329,quadratic,10.082870370443906,0.3500296295560936
2024-07-26,PLN,10.394,quadratic,10.086131236727505,0.307868763272495
2024-07-27,PLN,10.394,quadratic,10.089391370969249,0.30460862903075103
2024-07-28,PLN,10.394,quadratic,10.092650773169137,0.3013492268308635
2024-07-29,PLN,10.4437,quadratic,10.095909443327168,0.3477905566728321
2024-07-30,PLN,10.3544,quadratic,10.099167381443342,0.2552326185566578
2024-07-31,PLN,10.3687,quadratic,10.102424587517662,0.2662754124823383
2024-08-01,PLN,10.352,quadratic,10.105681061550126,0.24631893844987474
2024-08-02,PLN,10.3375,quadratic,10.108936803540733,0.22856319645926781
2024-08-03,PLN,10.3375,quadratic,10.112191813489485,0.22530818651051554
2024-08-04,PLN,10.3375,quadratic,10.115446091396379,0.2220539086036215
2024-08-05,PLN,10.4077,quadratic,10.118699637261418,0.289000362738582
2024-08-06,PLN,10.4778,quadratic,10.121952451084603,0.3558475489153974
2024-08-07,PLN,10.3933,quadratic,10.12520453286593,0.26809546713407073
2024-08-08,PLN,10.3709,quadratic,10.128455882605401,0.2424441173945997
2024-08-09,PLN,10.3721,quadratic,10.131706500303016,0.24039349969698343
2024-08-10,PLN,10.3721,quadratic,10.134956385958775,0.23714361404122464
2024-08-11,PLN,10.3721,quadratic,10.13820553957268,0.23389446042732054
2024-08-12,PLN,10.3783,quadratic,10.141453961144727,0.23684603885527267
2024-08-13,PLN,10.4763,quadratic,10.144701650674918,0.33159834932508225
2024-08-14,PLN,10.5325,quadratic,10.147948608163253,0.384551391836748
2024-08-15,PLN,10.5997,quadratic,10.151194833609733,0.4485051663902677
2024-08-16,PLN,10.5824,quadratic,10.154440327014354,0.4279596729856454
2024-08-17,PLN,10.5824,quadratic,10.157685088377121,0.42471491162287833
2024-08-18,PLN,10.5824,quadratic,10.160929117698034,0.42147088230196594
2024-08-19,PLN,10.6009,quadratic,10.164172414977088,0.4367275850229113
2024-08-20,PLN,10.685,quadratic,10.16741498021429,0.5175850197857113
2024-08-21,PLN,10.7395,quadratic,10.170656813409632,0.5688431865903674
2024-08-22,PLN,10.7124,quadratic,10.173897914563119,0.5385020854368818
2024-08-23,PLN,10.742,quadratic,10.17713828367475,0.5648617163252503
2024-08-24,PLN,10.742,quadratic,10.180377920744526,0.5616220792554749
2024-08-25,PLN,10.742,quadratic,10.183616825772445,0.558383174227556
2024-08-26,PLN,10.7191,quadratic,10.186854998758507,0.5322450012414919
2024-08-27,PLN,10.7877,quadratic,10.190092439702715,0.5976075602972841
2024-08-28,PLN,10.7767,quadratic,10.193329148605066,0.5833708513949336
2024-08-29,PLN,10.6768,quadratic,10.196565125465561,0.4802348745344389
2024-08-30,PLN,10.6572,quadratic,10.199800370284201,0.4573996297157983
2024-08-31,PLN,10.6572,quadratic,10.203034883060983,0.4541651169390164
2024-09-01,PLN,10.6572,quadratic,10.20626866379591,0.4509313362040892
2024-09-02,PLN,10.6354,quadratic,10.209501712488983,0.42589828751101777
2024-09-03,PLN,10.6302,quadratic,10.212734029140197,0.4174659708598032
2024-09-04,PLN,10.6466,quadratic,10.215965613749557,0.4306343862504427
2024-09-05,PLN,10.6581,quadratic,10.21919646631706,0.43890353368293944
2024-09-06,PLN,10.6766,quadratic,10.222426586842708,0.4541734131572923
2024-09-07,PLN,10.6766,quadratic,10.225655975326498,0.45094402467350214
2024-09-08,PLN,10.6766,quadratic,10.228884631768434,0.44771536823156666
2024-09-09,PLN,10.6474,quadratic,10.232112556168513,0.4152874438314864
2024-09-10,PLN,10.6092,quadratic,10.235339748526737,0.3738602514732623
2024-09-11,PLN,10.5935,quadratic,10.238566208843103,0.35493379115689727
2024-09-12,PLN,10.614,quadratic,10.241791937117615,0.37220806288238606
2024-09-13,PLN,10.5761,quadratic,10.24501693335027,0.33108306664973064
2024-09-14,PLN,10.5761,quadratic,10.24824119754107,0.3278588024589304
2024-09-15,PLN,10.5761,quadratic,10.251464729690012,0.3246352703099884
2024-09-16,PLN,10.6738,quadratic,10.2546875297971,0.41911247020290077
2024-09-17,PLN,10.7712,quadratic,10.25790959786233,0.5132904021376703
2024-09-18,PLN,10.8109,quadratic,10.261130933885706,0.549769066114294
2024-09-19,PLN,10.8001,quadratic,10.264351537867224,0.5357484621327764
2024-09-20,PLN,10.8408,quadratic,10.267571409806887,0.5732285901931125
2024-09-21,PLN,10.8408,quadratic,10.270790549704696,0.5700094502953039
2024-09-22,PLN,10.8408,quadratic,10.274008957560646,0.5667910424393536
2024-09-23,PLN,10.7905,quadratic,10.277226633374742,0.513273366625258
2024-09-24,PLN,10.7596,quadratic,10.28044357714698,0.47915642285301985
2024-09-25,PLN,10.7917,quadratic,10.283659788877364,0.508040211122637
2024-09-26,PLN,10.8329,quadratic,10.286875268565892,0.5460247314341089
2024-09-27,PLN,10.7586,quadratic,10.290090016212563,0.46850998378743647
2024-09-28,PLN,10.7586,quadratic,10.293304031817378,0.4652959681826214
2024-09-29,PLN,10.7586,quadratic,10.296517315380337,0.46208268461966284
2024-09-30,PLN,10.7512,quadratic,10.29972986690144,0.4514701330985602
2024-10-01,PLN,10.7832,quadratic,10.302941686380688,0.4802583136193128
2024-10-02,PLN,10.6666,quadratic,10.306152773818079,0.3604472261819218
2024-10-03,PLN,10.6443,quadratic,10.309363129213613,0.334936870786386
2024-10-04,PLN,10.5731,quadratic,10.312572752567293,0.26052724743270694
2024-10-05,PLN,10.5731,quadratic,10.315781643879117,0.2573183561208836
2024-10-06,PLN,10.5731,quadratic,10.318989803149083,0.25411019685091674
2024-10-07,PLN,10.5302,quadratic,10.322197230377194,0.20800276962280684
2024-10-08,PLN,10.4625,quadratic,10.32540392556345,0.1370960744365508
2024-10-09,PLN,10.5013,quadratic,10.328609888707849,0.17269011129215173
2024-10-10,PLN,10.4994,quadratic,10.331815119810392,0.16758488018960804
2024-10-11,PLN,10.4635,quadratic,10.33501961887108,0.12848038112892013
2024-10-12,PLN,10.4635,quadratic,10.33822338588991,0.12527661411009028
2024-10-13,PLN,10.4635,quadratic,10.341426420866885,0.12207357913311512
2024-10-14,PLN,10.4972,quadratic,10.344628723802003,0.15257127619799604
2024-10-15,PLN,10.4836,quadratic,10.347830294695267,0.13576970530473176
2024-10-16,PLN,10.4633,quadratic,10.351031133546673,0.11226886645332712
2024-10-17,PLN,10.4472,quadratic,10.354231240356226,0.09296875964377449
2024-10-18,PLN,10.3848,quadratic,10.35743061512392,0.02736938487607965
2024-10-19,PLN,10.3848,quadratic,10.360629257849759,0.02417074215024151
2024-10-20,PLN,10.3848,quadratic,10.363827168533742,0.020972831466258057
2024-10-21,PLN,10.3793,quadratic,10.367024347175871,0.01227565282412968
2024-10-22,PLN,10.3792,quadratic,10.370220793776141,0.008979206223859393
2024-10-23,PLN,10.3512,quadratic,10.373416508334556,-0.02221650833455513
2024-10-24,PLN,10.2346,quadratic,10.376611490851115,-0.14201149085111453
2024-10-25,PLN,10.2568,quadratic,10.379805741325818,-0.12300574132581765
2024-10-26,PLN,10.2568,quadratic,10.382999259758666,-0.12619925975866586
2024-10-27,PLN,10.2568,quadratic,10.386192046149656,-0.12939204614965583
2024-10-28,PLN,10.2844,quadratic,10.389384100498791,-0.10498410049879148
2024-10-29,PLN,10.2753,quadratic,10.39257542280607,-0.1172754228060704
2024-10-30,PLN,10.2603,quadratic,10.395766013071494,-0.1354660130714933
2024-10-31,PLN,10.2786,quadratic,10.39895587129506,-0.1203558712950592
2024-11-01,PLN,10.3033,quadratic,10.402144997476771,-0.09884499747677111
2024-11-02,PLN,10.3033,quadratic,10.405333391616626,-0.10203339161662583
2024-11-03,PLN,10.3033,quadratic,10.408521053714626,-0.10522105371462587
2024-11-04,PLN,10.3274,quadratic,10.411707983770768,-0.08430798377076698
2024-11-05,PLN,10.3948,quadratic,10.414894181785057,-0.02009418178505662
2024-11-06,PLN,10.3555,quadratic,10.418079647757487,-0.06257964775748803
2024-11-07,PLN,10.1973,quadratic,10.421264381688061,-0.2239643816880612
2024-11-08,PLN,10.306,quadratic,10.424448383576781,-0.11844838357678178
2024-11-09,PLN,10.306,quadratic,10.427631653423644,-0.12163165342364479
2024-11-10,PLN,10.306,quadratic,10.43081419122865,-0.12481419122865134
2024-11-11,PLN,10.2924,quadratic,10.433995996991802,-0.1415959969918017
2024-11-12,PLN,10.1313,quadratic,10.437177070713098,-0.3058770707130982
2024-11-13,PLN,10.096,quadratic,10.440357412392537,-0.3443574123925366
2024-11-14,PLN,10.1267,quadratic,10.44353702203012,-0.31683702203011954
2024-11-15,PLN,10.0154,quadratic,10.446715899625847,-0.43131589962584727
2024-11-16,PLN,10.0154,quadratic,10.449894045179718,-0.43449404517971857
2024-11-17,PLN,10.0154,quadratic,10.453071458691731,-0.43767145869173163
2024-11-18,PLN,10.1066,quadratic,10.456248140161891,-0.34964814016189116
2024-11-19,PLN,10.0859,quadratic,10.459424089590193,-0.3735240895901928
2024-11-20,PLN,10.095,quadratic,10.462599306976642,-0.36759930697664167
2024-11-21,PLN,10.0583,quadratic,10.465773792321233,-0.40747379232123393
2024-11-22,PLN,10.009,quadratic,10.468947545623967,-0.459947545623967
2024-11-23,PLN,10.009,quadratic,10.472120566884847,-0.4631205668848466
2024-11-24,PLN,10.009,quadratic,10.47529285610387,-0.4662928561038697
2024-11-25,PLN,9.9118,quadratic,10.478464413281037,-0.5666644132810372
2024-11-26,PLN,10.0623,quadratic,10.481635238416347,-0.41933523841634646
2024-11-27,PLN,10.1433,quadratic,10.484805331509802,-0.34150533150980245
2024-11-28,PLN,10.1575,quadratic,10.487974692561401,-0.33047469256140083
2024-11-29,PLN,10.1726,quadratic,10.491143321571144,-0.31854332157114484
2024-11-30,PLN,10.1726,quadratic,10.494311218539032,-0.32171121853903273
2024-12-01,PLN,10.1726,quadratic,10.497478383465062,-0.32487838346506237
2024-12-02,PLN,10.2159,quadratic,10.500644816349237,-0.284744816349237
2024-12-03,PLN,10.1899,quadratic,10.503810517191557,-0.31391051719155705
2024-12-04,PLN,10.1994,quadratic,10.506975485992019,-0.3075754859920181
2024-12-05,PLN,10.1955,quadratic,10.510139722750626,-0.314639722750627
2024-12-06,PLN,10.2512,quadratic,10.513303227467377,-0.26210322746737624
2024-12-07,PLN,10.2512,quadratic,10.516466000142271,-0.26526600014227064
2024-12-08,PLN,10.2512,quadratic,10.519628040775311,-0.26842804077531035
2024-12-09,PLN,10.2751,quadratic,10.522789349366494,-0.24768934936649423
2024-12-10,PLN,10.2955,quadratic,10.525949925915821,-0.23044992591582059
2024-12-11,PLN,10.2685,quadratic,10.529109770423291,-0.2606097704232919
2024-12-12,PLN,10.271,quadratic,10.532268882888907,-0.26126888288890626
2024-12-13,PLN,10.2208,quadratic,10.535427263312666,-0.31462726331266566
2024-12-14,PLN,10.2208,quadratic,10.538584911694569,-0.31778491169456835
2024-12-15,PLN,10.2208,quadratic,10.541741828034615,-0.3209418280346146
2024-12-16,PLN,10.2518,quadratic,10.544898012332807,-0.2930980123328073
2024-12-17,PLN,10.2738,quadratic,10.548053464589142,-0.2742534645891421
2024-12-18,PLN,10.3012,quadratic,10.55120818480362,-0.25000818480362064
2024-12-19,PLN,10.3257,quadratic,10.554362172976244,-0.2286621729762448
2024-12-20,PLN,10.2504,quadratic,10.55751542910701,-0.30711542910700906
2024-12-21,PLN,10.2504,quadratic,10.56066795319592,-0.31026795319592004
2024-12-22,PLN,10.2504,quadratic,10.563819745242975,-0.31341974524297456
2024-12-23,PLN,10.2099,quadratic,10.566970805248175,-0.3570708052481759
2024-12-24,PLN,10.2118,quadratic,10.570121133211519,-0.3583211332115184
2024-12-25,PLN,10.2169,quadratic,10.573270729133005,-0.3563707291330047
2024-12-26,PLN,10.1788,quadratic,10.576419593012636,-0.39761959301263516
2024-12-27,PLN,10.202,quadratic,10.57956772485041,-0.3775677248504099
2024-12-28,PLN,10.202,quadratic,10.58271512464633,-0.3807151246463292
2024-12-29,PLN,10.202,quadratic,10.585861792400394,-0.38386179240039375
2024-12-30,PLN,10.2291,quadratic,10.5890077281126,-0.3599077281125993
2024-12-31,PLN,10.2966,quadratic,10.59215293178295,-0.29555293178295017
2025-01-01,PLN,10.218,quadratic,10.595297403411445,-0.37729740341144513
2025-01-02,PLN,10.2342,quadratic,10.598441142998084,-0.3642411429980843
2025-01-03,PLN,10.1456,quadratic,10.601584150542866,-0.4559841505428661
2025-01-04,PLN,10.1456,quadratic,10.604726426045794,-0.4591264260457937
2025-01-05,PLN,10.1456,quadratic,10.607867969506865,-0.4622679695068648
2025-01-06,PLN,10.1404,quadratic,10.61100878092608,-0.4706087809260797
2025-01-07,PLN,10.3211,quadratic,10.61414886030344,-0.2930488603034398
2025-01-08,PLN,10.3062,quadratic,10.617288207638941,-0.3110882076389405
2025-01-09,PLN,10.1558,quadratic,10.620426822932588,-0.4646268229325887
2025-01-10,PLN,10.1927,quadratic,10.623564706184379,-0.4308647061843782
2025-01-11,PLN,10.1927,quadratic,10.626701857394314,-0.4340018573943141
2025-01-12,PLN,10.1927,quadratic,10.629838276562392,-0.4371382765623917
2025-01-13,PLN,10.218,quadratic,10.632973963688617,-0.4149739636886167
2025-01-14,PLN,10.097,quadratic,10.636108918772983,-0.5391089187729836
2025-01-15,PLN,10.1492,quadratic,10.639243141815493,-0.4900431418154927
2025-01-16,PLN,10.2129,quadratic,10.642376632816148,-0.429476632816149
2025-01-17,PLN,10.1572,quadratic,10.645509391774947,-0.4883093917749477
2025-01-18,PLN,10.1572,quadratic,10.64864141869189,-0.49144141869189006
2025-01-19,PLN,10.1572,quadratic,10.651772713566977,-0.49457271356697774
2025-01-20,PLN,10.1819,quadratic,10.654903276400209,-0.4730032764002079
2025-01-21,PLN,10.2197,quadratic,10.658033107191581,-0.4383331071915819
2025-01-22,PLN,10.2571,quadratic,10.661162205941102,-0.4040622059411021
2025-01-23,PLN,10.3738,quadratic,10.664290572648763,-0.2904905726487641
2025-01-24,PLN,10.3724,quadratic,10.667418207314572,-0.2950182073145715
2025-01-25,PLN,10.3724,quadratic,10.670545109938523,-0.29814510993852217
2025-01-26,PLN,10.3724,quadratic,10.673671280520617,-0.30127128052061636
2025-01-27,PLN,10.4219,quadratic,10.676796719060855,-0.254896719060854
2025-01-28,PLN,10.4629,quadratic,10.67992142555924,-0.2170214255592402
2025-01-29,PLN,10.405,quadratic,10.683045400015764,-0.27804540001576505
2025-01-30,PLN,10.3491,quadratic,10.686168642430436,-0.3370686424304363
2025-01-31,PLN,10.3433,quadratic,10.68929115280325,-0.34599115280325066
2025-02-01,PLN,10.3433,quadratic,10.692412931134209,-0.3491129311342096
2025-02-02,PLN,10.3433,quadratic,10.695533977423313,-0.35223397742331386
2025-02-03,PLN,10.2782,quadratic,10.69865429167056,-0.42045429167055914
2025-02-04,PLN,10.1333,quadratic,10.70177387387595,-0.5684738738759503
2025-02-05,PLN,10.2187,quadratic,10.704892724039485,-0.4861927240394852
2025-02-06,PLN,10.3422,quadratic,10.708010842161164,-0.36581084216116366
2025-02-07,PLN,10.2171,quadratic,10.711128228240986,-0.49402822824098536
2025-02-08,PLN,10.2171,quadratic,10.714244882278953,-0.4971448822789526
2025-02-09,PLN,10.2171,quadratic,10.717360804275064,-0.5002608042750634
2025-02-10,PLN,10.2542,quadratic,10.720475994229318,-0.4662759942293171
2025-02-11,PLN,10.2677,quadratic,10.723590452141718,-0.455890452141718
2025-02-12,PLN,10.2992,quadratic,10.72670417801226,-0.4275041780122599
2025-02-13,PLN,10.3954,quadratic,10.729817171840947,-0.334417171840947
2025-02-14,PLN,10.4142,quadratic,10.732929433627778,-0.3187294336277784
2025-02-15,PLN,10.4142,quadratic,10.736040963372753,-0.3218409633727539
2025-02-16,PLN,10.4142,quadratic,10.73915176107587,-0.3249517610758712
2025-02-17,PLN,10.4661,quadratic,10.742261826737135,-0.27616182673713396
2025-02-18,PLN,10.4626,quadratic,10.745371160356541,-0.2827711603565408
2025-02-19,PLN,10.4357,quadratic,10.748479761934092,-0.31277976193409174
2025-02-20,PLN,10.4092,quadratic,10.751587631469786,-0.34238763146978535
2025-02-21,PLN,10.4748,quadratic,10.754694768963624,-0.279894768963624
2025-02-22,PLN,10.4748,quadratic,10.757801174415608,-0.2830011744156078
2025-02-23,PLN,10.4748,quadratic,10.760906847825735,-0.28610684782573514
2025-02-24,PLN,10.4395,quadratic,10.764011789194004,-0.3245117891940037
2025-02-25,PLN,10.5264,quadratic,10.76711599852042,-0.24071599852041992
2025-02-26,PLN,10.5741,quadratic,10.770219475804979,-0.1961194758049789
2025-02-27,PLN,10.5266,quadratic,10.773322221047682,-0.2467222210476816
2025-02-28,PLN,10.5309,quadratic,10.776424234248529,-0.24552423424852776
2025-03-01,PLN,10.5309,quadratic,10.779525515407519,-0.2486255154075181
2025-03-02,PLN,10.5309,quadratic,10.782626064524653,-0.25172606452465196
2025-03-03,PLN,10.389,quadratic,10.785725881599932,-0.3967258815999326
2025-03-04,PLN,10.4382,quadratic,10.788824966633355,-0.3506249666333545
2025-03-05,PLN,10.5502,quadratic,10.791923319624921,-0.24172331962492066
2025-03-06,PLN,10.674,quadratic,10.795020940574632,-0.12102094057463297
2025-03-07,PLN,10.6715,quadratic,10.798117829482488,-0.12661782948248756
2025-03-08,PLN,10.6715,quadratic,10.801213986348486,-0.1297139863484862
2025-03-09,PLN,10.6715,quadratic,10.804309411172628,-0.13280941117262834
2025-03-10,PLN,10.7063,quadratic,10.807404103954916,-0.1011041039549152
2025-03-11,PLN,10.6754,quadratic,10.810498064695345,-0.13509806469534524
2025-03-12,PLN,10.7755,quadratic,10.813591293393921,-0.03809129339392214
2025-03-13,PLN,10.7647,quadratic,10.81668379005064,-0.05198379005063991
2025-03-14,PLN,10.7194,quadratic,10.819775554665501,-0.10037555466550074
2025-03-15,PLN,10.7194,quadratic,10.822866587238508,-0.10346658723850766
2025-03-16,PLN,10.7194,quadratic,10.82595688776966,-0.10655688776965988
2025-03-17,PLN,10.8446,quadratic,10.829046456258954,0.015553543741045672
2025-03-18,PLN,10.7848,quadratic,10.832135292706393,-0.047335292706392806
2025-03-19,PLN,10.8603,quadratic,10.835223397111976,0.02507660288802427
2025-03-20,PLN,10.8209,quadratic,10.838310769475703,-0.017410769475702637
2025-03-21,PLN,10.7189,quadratic,10.841397409797572,-0.12249740979757284
2025-03-22,PLN,10.7189,quadratic,10.844483318077588,-0.12558331807758805
2025-03-23,PLN,10.7189,quadratic,10.847568494315746,-0.12866849431574678
2025-03-24,PLN,10.7141,quadratic,10.850652938512049,-0.13655293851204853
2025-03-25,PLN,10.7885,quadratic,10.853736650666496,-0.06523665066649542
2025-03-26,PLN,10.8411,quadratic,10.856819630779086,-0.01571963077908478
2025-03-27,PLN,10.7399,quadratic,10.859901878849822,-0.12000187884982161
2025-03-28,PLN,10.6561,quadratic,10.8629833948787,-0.2068833948786999
2025-03-29,PLN,10.6561,quadratic,10.866064178865722,-0.2099641788657216
2025-03-30,PLN,10.6561,quadratic,10.869144230810889,-0.21304423081088864
2025-03-31,PLN,10.7078,quadratic,10.8722235507142,-0.1644235507141989
2025-04-01,PLN,10.716,quadratic,10.875302138575654,-0.15930213857565434
2025-04-02,PLN,10.6538,quadratic,10.878379994395253,-0.22457999439525267
2025-04-03,PLN,10.6829,quadratic,10.881457118172996,-0.19855711817299593
2025-04-04,PLN,10.9297,quadratic,10.88453350990888,0.045166490091119726
2025-04-05,PLN,10.9297,quadratic,10.887609169602912,0.04209083039708794
2025-04-06,PLN,10.9297,quadratic,10.890684097255086,0.0390159027449144
2025-04-07,PLN,10.7023,quadratic,10.893758292865407,-0.1914582928654074
2025-04-08,PLN,10.4921,quadratic,10.896831756433869,-0.4047317564338684
2025-04-09,PLN,10.5377,quadratic,10.899904487960475,-0.3622044879604758
2025-04-10,PLN,10.6057,quadratic,10.902976487445226,-0.2972764874452256
2025-04-11,PLN,10.7703,quadratic,10.906047754888121,-0.1357477548881203
2025-04-12,PLN,10.7703,quadratic,10.90911829028916,-0.1388182902891586
2025-04-13,PLN,10.7703,quadratic,10.912188093648341,-0.14188809364834043
2025-04-14,PLN,10.9232,quadratic,10.915257164965668,0.007942835034331353
2025-04-15,PLN,10.9732,quadratic,10.918325504241139,0.054874495758861386
2025-04-16,PLN,10.8843,quadratic,10.921393111474753,-0.03709311147475347
2025-04-17,PLN,10.8992,quadratic,10.924459986666513,-0.02525998666651219
2025-04-18,PLN,10.999,quadratic,10.927526129816414,0.07147387018358664
2025-04-19,PLN,10.999,quadratic,10.93059154092446,0.06840845907554005
2025-04-20,PLN,10.999,quadratic,10.933656219990652,0.06534378000934815
2025-04-21,PLN,10.9916,quadratic,10.936720167014986,0.05487983298501398
2025-04-22,PLN,11.1734,quadratic,10.939783381997465,0.23361661800253586
2025-04-23,PLN,11.148,quadratic,10.942845864938088,0.20515413506191216
2025-04-24,PLN,11.0753,quadratic,10.945907615836854,0.1293923841631468
2025-04-25,PLN,11.0928,quadratic,10.948968634693765,0.14383136530623553
2025-04-26,PLN,11.0928,quadratic,10.95202892150882,0.14077107849118065
2025-04-27,PLN,11.0928,quadratic,10.955088476282018,0.13771152371798223
2025-04-28,PLN,11.102,quadratic,10.95814729901336,0.14385270098664016
2025-04-29,PLN,11.0859,quadratic,10.961205389702847,0.12469461029715312
2025-04-30,PLN,11.0733,quadratic,10.964262748350476,0.10903725164952327
2025-05-01,PLN,11.035,quadratic,10.96731937495625,0.06768062504374939
2025-05-02,PLN,11.003,quadratic,10.97037526952017,0.03262473047982972
2025-05-03,PLN,11.003,quadratic,10.973430432042234,0.02956956795776655
2025-05-04,PLN,11.003,quadratic,10.97648486252244,0.026515137477559847
2025-05-05,PLN,11.0696,quadratic,10.97953856096079,0.09006143903920893
2025-05-06,PLN,11.0313,quadratic,10.982591527357284,0.048708472642715606
2025-05-07,PLN,10.9851,quadratic,10.985643761711923,-0.0005437617119241622
2025-05-08,PLN,11.0037,quadratic,10.988695264024706,0.015004735975294281
2025-05-09,PLN,10.9792,quadratic,10.991746034295632,-0.012546034295631614
2025-05-10,PLN,10.9792,quadratic,10.994796072524704,-0.015596072524703075
2025-05-11,PLN,10.9792,quadratic,10.997845378711917,-0.018645378711916294
2025-05-12,PLN,11.0292,quadratic,11.000893952857275,0.02830604714272411
2025-05-13,PLN,10.8848,quadratic,11.003941794960777,-0.11914179496077715
2025-05-14,PLN,10.8461,quadratic,11.006988905022425,-0.16088890502242492
2025-05-15,PLN,10.9815,quadratic,11.010035283042216,-0.028535283042215198
2025-05-16,PLN,10.9364,quadratic,11.01308092902015,-0.07668092902014934
2025-05-17,PLN,10.9364,quadratic,11.016125842956228,-0.07972584295622731
2025-05-18,PLN,10.9364,quadratic,11.019170024850451,-0.0827700248504506
2025-05-19,PLN,10.9252,quadratic,11.022213474702816,-0.09701347470281618
2025-05-20,PLN,10.9783,quadratic,11.025256192513329,-0.04695619251332772
2025-05-21,PLN,10.9842,quadratic,11.028298178281982,-0.044098178281982925
2025-05-22,PLN,11.0552,quadratic,11.031339432008782,0.023860567991217607
2025-05-23,PLN,11.0537,quadratic,11.034379953693723,0.019320046306276595
2025-05-24,PLN,11.0537,quadratic,11.037419743336809,0.01628025666319033
2025-05-25,PLN,11.0537,quadratic,11.04045880093804,0.013241199061958753
2025-05-26,PLN,11.026,quadratic,11.043497126497414,-0.017497126497413973
2025-05-27,PLN,11.1369,quadratic,11.046534720014932,0.09036527998506827
2025-05-28,PLN,11.1379,quadratic,11.049571581490596,0.08832841850940376
2025-05-29,PLN,11.0964,quadratic,11.052607710924402,0.04379228907559707
2025-05-30,PLN,11.0489,quadratic,11.055643108316353,-0.006743108316353386
2025-05-31,PLN,11.0489,quadratic,11.058677773666448,-0.009777773666447942
2025-06-01,PLN,11.0489,quadratic,11.061711706974686,-0.012811706974686032
2025-06-02,PLN,11.0795,quadratic,11.064744908241067,0.014755091758932082
2025-06-03,PLN,11.1515,quadratic,11.067777377465594,0.0837226225344061
2025-06-04,PLN,11.0909,quadratic,11.070809114648265,0.020090885351734755
2025-06-05,PLN,11.0227,quadratic,11.073840119789079,-0.0511401197890784
2025-06-06,PLN,11.0559,quadratic,11.076870392888038,-0.020970392888038702
2025-06-07,PLN,11.0559,quadratic,11.07989993394514,-0.023999933945139773
2025-06-08,PLN,11.0559,quadratic,11.082928742960387,-0.02702874296038793
2025-06-09,PLN,11.0243,quadratic,11.085956819933777,-0.06165681993377703
2025-06-10,PLN,11.0929,quadratic,11.08898416486531,0.003915835134689516
2025-06-11,PLN,11.1678,quadratic,11.09201077775499,0.07578922224501028
2025-06-12,PLN,11.1366,quadratic,11.095036658602812,0.04156334139718787
2025-06-13,PLN,11.269,quadratic,11.09806180740878,0.17093819259122078
2025-06-14,PLN,11.269,quadratic,11.101086224172889,0.16791377582711142
2025-06-15,PLN,11.269,quadratic,11.104109908895143,0.16489009110485675
2025-06-16,PLN,11.1581,quadratic,11.107132861575542,0.05096713842445766
2025-06-17,PLN,11.276,quadratic,11.110155082214085,0.1658449177859147
2025-06-18,PLN,11.2264,quadratic,11.11317657081077,0.11322342918922956
2025-06-19,PLN,11.206,quadratic,11.116197327365601,0.08980267263439856
2025-06-20,PLN,11.1895,quadratic,11.119217351878575,0.0702826481214256
2025-06-21,PLN,11.1895,quadratic,11.122236644349695,0.06726335565030617
2025-06-22,PLN,11.1895,quadratic,11.125255204778956,0.06424479522104498
2025-06-23,PLN,11.3027,quadratic,11.128273033166362,0.17442696683363756
2025-06-24,PLN,11.2307,quadratic,11.131290129511914,0.09940987048808658
2025-06-25,PLN,11.395,quadratic,11.134306493815608,0.260693506184392
2025-06-26,PLN,11.3753,quadratic,11.137322126077446,0.23797787392255287
2025-06-27,PLN,11.4538,quadratic,11.140337026297429,0.3134629737025705
2025-06-28,PLN,11.4538,quadratic,11.143351194475555,0.31044880552444454
2025-06-29,PLN,11.4538,quadratic,11.146364630611824,0.30743536938817506
2025-06-30,PLN,11.5091,quadratic,11.14937733470624,0.3597226652937593
2025-07-01,PLN,11.5478,quadratic,11.152389306758797,0.39541069324120315
2025-07-02,PLN,11.6436,quadratic,11.155400546769501,0.4881994532304983
2025-07-03,PLN,11.5604,quadratic,11.158411054738346,0.4019889452616532
2025-07-04,PLN,11.5733,quadratic,11.161420830665337,0.4118791693346626
2025-07-05,PLN,11.5733,quadratic,11.164429874550471,0.4088701254495284
2025-07-06,PLN,11.5733,quadratic,11.167438186393749,0.4058618136062506
2025-07-07,PLN,11.5665,quadratic,11.170445766195172,0.3960542338048274
2025-07-08,PLN,11.5424,quadratic,11.173452613954739,0.3689473860452619
2025-07-09,PLN,11.5584,quadratic,11.176458729672449,0.38194127032755176
2025-07-10,PLN,11.5189,quadratic,11.179464113348303,0.33943588665169777
2025-07-11,PLN,11.5279,quadratic,11.182468764982302,0.3454312350176991
2025-07-12,PLN,11.5279,quadratic,11.185472684574444,0.3424273154255566
2025-07-13,PLN,11.5279,quadratic,11.18847587212473,0.33942412787527054
2025-07-14,PLN,11.47,quadratic,11.19147832763316,0.2785216723668409
2025-07-15,PLN,11.4775,quadratic,11.194480051099735,0.2830199489002645
2025-07-16,PLN,11.4701,quadratic,11.197481042524453,0.2726189574755473
2025-07-17,PLN,11.3901,quadratic,11.200481301907317,0.1896186980926835
2025-07-18,PLN,11.3853,quadratic,11.203480829248322,0.18181917075167853
2025-07-19,PLN,11.3853,quadratic,11.206479624547473,0.1788203754525277
2025-07-20,PLN,11.3853,quadratic,11.209477687804767,0.17582231219523337
2025-07-21,PLN,11.4397,quadratic,11.212475019020205,0.22722498097979482
2025-07-22,PLN,11.4986,quadratic,11.215471618193787,0.2831283818062129
2025-07-23,PLN,11.4797,quadratic,11.218467485325514,0.2612325146744858
2025-07-24,PLN,11.5087,quadratic,11.221462620415384,0.2872373795846155
2025-07-25,PLN,11.5372,quadratic,11.224457023463398,0.31274297653660277
2025-07-26,PLN,11.5372,quadratic,11.227450694469557,0.30974930553044366
2025-07-27,PLN,11.5372,quadratic,11.23044363343386,0.306756366566141
2025-07-28,PLN,11.5106,quadratic,11.233435840356305,0.2771641596436947
2025-07-29,PLN,11.4341,quadratic,11.236427315236895,0.19767268476310562
2025-07-30,PLN,11.268,quadratic,11.23941805807563,0.02858194192437047
2025-07-31,PLN,11.2818,quadratic,11.242408068872507,0.03939193112749351
2025-08-01,PLN,11.1736,quadratic,11.24539734762753,-0.07179734762753043
2025-08-02,PLN,11.1736,quadratic,11.248385894340696,-0.07478589434069605
2025-08-03,PLN,11.1736,quadratic,11.251373709012007,-0.07777370901200698
2025-08-04,PLN,11.1425,quadratic,11.25436079164146,-0.11186079164146001
2025-08-05,PLN,11.3044,quadratic,11.257347142229058,0.04705285777094126
2025-08-06,PLN,11.2439,quadratic,11.260332760774801,-0.01643276077480138
2025-08-07,PLN,11.2865,quadratic,11.263317647278688,0.023182352721311972
2025-08-08,PLN,11.3297,quadratic,11.266301801740719,0.06339819825928217
2025-08-09,PLN,11.3297,quadratic,11.269285224160893,0.06041477583910826
2025-08-10,PLN,11.3297,quadratic,11.27226791453921,0.057432085460790816
2025-08-11,PLN,11.3362,quadratic,11.275249872875673,0.060950127124327125
2025-08-12,PLN,11.332,quadratic,11.278231099170279,0.053768900829721744
2025-08-13,PLN,11.2815,quadratic,11.281211593423029,0.00028840657697060124
2025-08-14,PLN,11.4228,quadratic,11.284191355633924,0.13860864436607656
2025-08-15,PLN,11.3777,quadratic,11.287170385802963,0.0905296141970382
2025-08-16,PLN,11.3777,quadratic,11.290148683930145,0.087551316069856
2025-08-17,PLN,11.3777,quadratic,11.29312625001547,0.08457374998453027
2025-08-18,PLN,11.3428,quadratic,11.296103084058942,0.04669691594105885
2025-08-19,PLN,11.333,quadratic,11.299079186060554,0.03392081393944579
2025-08-20,PLN,11.3843,quadratic,11.302054556020313,0.08224544397968714
2025-08-21,PLN,11.3387,quadratic,11.305029193938216,0.03367080606178341
2025-08-22,PLN,11.2862,quadratic,11.308003099814261,-0.021803099814261984
2025-08-23,PLN,11.2862,quadratic,11.310976273648452,-0.024776273648452474
2025-08-24,PLN,11.2862,quadratic,11.313948715440786,-0.027748715440786498
2025-08-25,PLN,11.2389,quadratic,11.316920425191265,-0.07802042519126573
2025-08-26,PLN,11.3725,quadratic,11.319891402899886,0.05260859710011445
2025-08-27,PLN,11.3285,quadratic,11.322861648566652,0.005638351433347566
2025-08-28,PLN,11.2103,quadratic,11.325831162191562,-0.11553116219156223
2025-08-29,PLN,11.2918,quadratic,11.328799943774618,-0.03699994377461735
2025-08-30,PLN,11.2918,quadratic,11.331767993315815,-0.039967993315814354
2025-08-31,PLN,11.2918,quadratic,11.334735310815159,-0.042935310815158445
2025-09-01,PLN,11.298,quadratic,11.337701896272645,-0.03970189627264453
2025-09-02,PLN,11.3904,quadratic,11.340667749688274,0.04973225031172568
2025-09-03,PLN,11.2983,quadratic,11.343632871062049,-0.04533287106204931
2025-09-04,PLN,11.3354,quadratic,11.346597260393967,-0.011197260393966957
2025-09-05,PLN,11.3249,quadratic,11.349560917684029,-0.024660917684029116
2025-09-06,PLN,11.3249,quadratic,11.352523842932236,-0.027623842932236187
2025-09-07,PLN,11.3249,quadratic,11.355486036138585,-0.030586036138585015
2025-09-08,PLN,11.3307,quadratic,11.358447497303079,-0.02774749730307846
2025-09-09,PLN,11.3874,quadratic,11.361408226425716,0.025991773574283172
2025-09-10,PLN,11.3489,quadratic,11.3643682235065,-0.015468223506498902
2025-09-11,PLN,11.3184,quadratic,11.367327488545426,-0.04892748854542539
2025-09-12,PLN,11.3145,quadratic,11.370286021542496,-0.055786021542495234
2025-09-13,PLN,11.3145,quadratic,11.37324382249771,-0.05874382249770882
2025-09-14,PLN,11.3145,quadratic,11.376200891411068,-0.061700891411067715
2025-09-15,PLN,11.3704,quadratic,11.379157228282569,-0.008757228282568974
2025-09-16,PLN,11.4089,quadratic,11.382112833112217,0.026787166887782377
2025-09-17,PLN,11.4509,quadratic,11.385067705900006,0.06583229409999447
2025-09-18,PLN,11.4661,quadratic,11.388021846645941,0.07807815335405976
2025-09-19,PLN,11.4618,quadratic,11.390975255350018,0.07082474464998256
2025-09-20,PLN,11.4618,quadratic,11.393927932012241,0.06787206798775891
2025-09-21,PLN,11.4618,quadratic,11.396879876632607,0.0649201233673935
2025-09-22,PLN,11.359,quadratic,11.399831089211117,-0.040831089211117444
2025-09-23,PLN,11.442,quadratic,11.402781569747772,0.03921843025222849
2025-09-24,PLN,11.4659,quadratic,11.40573131824257,0.060168681757430065
2025-09-25,PLN,11.4035,quadratic,11.408680334695513,-0.005180334695513267
2025-09-26,PLN,11.4248,quadratic,11.411628619106597,0.013171380893401974
2025-09-27,PLN,11.4248,quadratic,11.414576171475828,0.010223828524171807
2025-09-28,PLN,11.4248,quadratic,11.417522991803201,0.007277008196798107
2025-09-29,PLN,11.3333,quadratic,11.42046908008872,-0.08716908008872082
