t,y_syn,y_trend_syn,eps
0,7.893684665128523,7.756034957166025,0.13764970796249795
1,7.7214660176379235,7.75978189924201,-0.0383158816040868
2,7.943015924510994,7.763528109276139,0.17948781523485496
3,8.18933648537953,7.767273587268412,0.42206289811111813
4,7.706129617135936,7.771018333218829,-0.06488871608289348
5,7.709878180747388,7.774762347127391,-0.06488416638000262
6,8.216137980614064,7.778505628994095,0.4376323516199692
7,7.994920126472886,7.782248178818945,0.21267194765394137
8,7.655888988349897,7.785989996601938,-0.13010100825204018
9,7.9400856295187,7.789731082343074,0.15035454717562544
10,7.665048862025529,7.793471436042355,-0.12842257401682655
11,7.668147764093683,7.797211057699779,-0.1290632936060966
12,7.868002669322756,7.800949947315348,0.06705272200740765
13,7.2744787977232,7.8046881048890615,-0.5302093071658613
14,7.33041532180229,7.8084255304209185,-0.4780102086186284
15,7.6563407847154386,7.81216222391092,-0.15582143919548128
16,7.535221850521046,7.815898185359065,-0.2806763348380186
17,7.906717813906191,7.819633414765353,0.08708439914083778
18,7.571735765027294,7.823367912129786,-0.2516321471024922
19,7.435723274270922,7.827101677452363,-0.3913784031814415
20,8.236996129316791,7.830834710733084,0.40616141858370725
21,7.771999755455459,7.8345670119719495,-0.06256725651649041
22,7.857012035573617,7.838298581168958,0.018713454404658686
23,7.4472023924311195,7.8420294183241115,-0.3948270258929921
24,7.694899873885554,7.845759523437408,-0.15085964955185432
25,7.880227827516643,7.849488896508849,0.03073893100779361
26,7.53425354418649,7.853217537538434,-0.318963993351944
27,7.9610590945747655,7.856945446526163,0.10411364804860197
28,7.694223288865636,7.860672623472036,-0.1664493346064
29,7.783564730900223,7.864399068376053,-0.08083433747582944
30,7.701379503395068,7.868124781238214,-0.16674527784314586
31,8.385154143697903,7.871849762058519,0.513304381639385
32,7.871833652258059,7.875574010836967,-0.003740358578908787
33,7.58618407470154,7.879297527573559,-0.2931134528720187
34,8.110964425095865,7.883020312268297,0.22794411282756866
35,7.548421479825356,7.886742364921178,-0.33832088509582214
36,7.948344083507799,7.890463685532202,0.05788039797559741
37,7.351119377279749,7.894184274101371,-0.5430648968216214
38,7.5298364590264235,7.897904130628684,-0.36806767160226095
39,7.956177552514861,7.901623255114141,0.0545542974007193
40,8.109985925278039,7.905341647557742,0.20464427772029734
41,7.956548983292537,7.909059307959486,0.04748967533305041
42,7.88072771867477,7.912776236319376,-0.032048517644605985
43,7.833050405642544,7.916492432637408,-0.08344202699486494
44,7.51047904389738,7.920207896913586,-0.40972885301620526
45,7.724438993613593,7.923922629147906,-0.1994836355343127
46,7.799984151724367,7.9276366293403715,-0.12765247761600457
47,8.224300208726442,7.93134989749098,0.2929503112354623
48,8.030286129004688,7.935062433599733,0.09522369540495478
49,7.450199549305878,7.93877423766663,-0.4885746883607524
50,8.032295643204579,7.942485309691671,0.08981033351290836
51,7.839481429595766,7.946195649674856,-0.10671422007908908
52,7.762316248745325,7.949905257616185,-0.18758900887085944
53,8.123122213799059,7.953614133515657,0.169508080283402
54,8.24303345012867,7.957322277373274,0.2857111727553963
55,8.219106564290128,7.961029689189034,0.2580768751010932
56,7.7321719326804175,7.964736368962939,-0.23256443628252155
57,7.882753207624348,7.968442316694988,-0.08568910907064006
58,8.063947442484228,7.97214753238518,0.09179991009904713
59,8.246195635273201,7.975852016033517,0.27034361923968403
60,7.846766730922002,7.979555767639998,-0.13278903671799633
61,7.931808866232041,7.983258787204623,-0.0514499209725819
62,7.68037289889745,7.986961074727391,-0.30658817582994113
63,7.659169171708468,7.990662630208305,-0.33149345849983647
64,8.219531070649047,7.994363453647361,0.2251676170016857
65,8.373905551413973,7.9980635450445625,0.3758420063694103
66,7.981807418642583,8.001762904399907,-0.019955485757324413
67,8.283561137871533,8.005461531713395,0.27809960615813734
68,8.109376207470847,8.009159426985029,0.10021678048581734
69,7.834080637719998,8.012856590214804,-0.1787759524948063
70,8.1167031766894,8.016553021402727,0.10015015528667309
71,8.446470286667314,8.02024872054879,0.4262215661185247
72,8.014015555363953,8.023943687653,-0.009928132289048177
73,8.461232860533245,8.027637922715352,0.4335949378178943
74,7.3053461758128755,8.03133142573585,-0.7259852499229741
75,8.262790285147924,8.035024196714488,0.22776608843343538
76,8.062838768599727,8.038716235651275,0.024122532948451753
77,7.959546455901593,8.042407542546202,-0.08286108664460874
78,8.071526915866064,8.046098117399277,0.02542879846678772
79,7.498991734671967,8.049787960210493,-0.5507962255385259
80,7.9926014727608505,8.053477070979854,-0.06087559821900337
81,8.156128688182298,8.057165449707357,0.09896323847494012
82,8.470407932761006,8.060853096393007,0.40955483636799955
83,7.920916674035941,8.064540011036799,-0.14362333700085791
84,7.844175987593411,8.068226193638736,-0.22405020604532447
85,7.932864447538857,8.071911644198817,-0.13904719665995963
86,8.329273117055655,8.075596362717041,0.25367675433861325
87,8.170384043265077,8.079280349193409,0.09110369407166724
88,7.936156155326691,8.082963603627922,-0.1468074483012317
89,8.228883088358788,8.086646126020579,0.14223696233820968
90,8.11723010193719,8.090327916371379,0.02690218556581058
91,8.362440424152581,8.094008974680325,0.2684314494722556
92,7.903135949164418,8.097689300947412,-0.1945533517829937
93,8.010566975162671,8.101368895172646,-0.09080192000997465
94,7.996386523442811,8.105047757356022,-0.10866123391321138
95,7.7031557945419245,8.108725887497544,-0.40557009295561885
96,8.194464304822466,8.112403285597207,0.0820610192252586
97,8.188423736827612,8.116079951655017,0.07234378517259502
98,8.12117292967756,8.119755885670969,0.001417044006590964
99,8.05842216811843,8.123431087645066,-0.06500891952663679
100,7.734877214332376,8.127105557577305,-0.39222834324492944
101,8.014209824911186,8.130779295467692,-0.11656947055650593
102,8.039479060009459,8.13445230131622,-0.09497324130676013
103,7.915797042992337,8.138124575122893,-0.22232753213055576
104,8.097100528942889,8.141796116887708,-0.04469558794481939
105,8.2574377293457,8.14546692661067,0.11197080273503003
106,8.671837911625774,8.149137004291774,0.5227009073340007
107,8.201185452494043,8.152806349931023,0.048379102563020235
108,8.22784747396263,8.156474963528416,0.0713725104342134
109,8.139512350659563,8.160142845083953,-0.02063049442438998
110,7.632079026531603,8.163809994597633,-0.5317309680660305
111,8.160128871858625,8.167476412069457,-0.007347540210831054
112,8.187833127458289,8.171142097499425,0.01669102995886369
113,8.857422102963291,8.174807050887537,0.6826150520757543
114,8.125164092510838,8.178471272233795,-0.05330717972295691
115,8.26569973217061,8.182134761538194,0.08356497063241608
116,8.17617817348146,8.18579751880074,-0.009619345319279337
117,7.865594823023884,8.189459544021428,-0.32386472099754415
118,8.509820544098517,8.193120837200262,0.3166997068982558
119,8.405157507069434,8.196781398337237,0.20837610873219745
120,8.419652449499187,8.200441227432359,0.2192112220668279
121,7.952090356945147,8.204100324485623,-0.2520099675404756
122,8.59650184501457,8.207758689497032,0.38874315551753824
123,7.8229345604099425,8.211416322466583,-0.38848176205664064
124,8.377703394263403,8.215073223394281,0.16263017086912104
125,8.82574969836497,8.218729392280121,0.6070203060848487
126,7.947886840585007,8.222384829124106,-0.2744979885390991
127,8.069106785730744,8.226039533926233,-0.15693274819548933
128,8.257308949530689,8.229693506686507,0.027615442844181957
129,8.093823288419136,8.233346747404923,-0.13952345898578727
130,7.807278526079349,8.236999256081484,-0.4297207300021347
131,8.259651243203198,8.240651032716189,0.019000210487008617
132,7.949915869315141,8.244302077309035,-0.29438620799389453
133,8.379194592996342,8.247952389860028,0.1312422031363139
134,7.99681060481477,8.251601970369165,-0.25479136555439524
135,8.68476952072628,8.255250818836446,0.42951870188983327
136,8.041843338401696,8.25889893526187,-0.2170555968601732
137,8.17329644950802,8.26254631964544,-0.08924987013741947
138,8.491635324927046,8.26619297198715,0.2254423529398946
139,7.928741074414356,8.269838892287009,-0.3410978178726523
140,8.336517906703609,8.273484080545007,0.06303382615860187
141,8.63936467861758,8.277128536761154,0.3622361418564267
142,7.835305594744108,8.280772260935441,-0.44546666619133257
143,8.335581092722107,8.284415253067873,0.05116583965423269
144,8.360076380581308,8.28805751315845,0.07201886742285839
145,8.508358239110304,8.29169904120717,0.2166591979031342
146,7.952555354259062,8.295339837214035,-0.3427844829549731
147,7.933054215215974,8.298979901179043,-0.3659256859630695
148,8.447259975962265,8.302619233102195,0.14464074286006953
149,8.388558394165532,8.306257832983492,0.08230056118203949
150,8.379312421662824,8.309895700822933,0.06941672083989077
151,8.409540761042013,8.313532836620519,0.09600792442149426
152,8.12872040362558,8.317169240376245,-0.188448836750665
153,8.38516718844889,8.320804912090118,0.06436227635877234
154,8.405656261878192,8.324439851762135,0.08121641011605744
155,8.130112589041957,8.328074059392295,-0.19796147035033768
156,8.848752026316326,8.3317075349806,0.5170444913357256
157,8.46664912646529,8.335340278527047,0.13130884793824263
158,8.008837588834714,8.33897229003164,-0.33013470119692634
159,8.524548078106207,8.342603569494376,0.18194450861183165
160,8.076129779340327,8.346234116915257,-0.2701043375749292
161,8.567981264345573,8.349863932294282,0.2181173320512915
162,8.674563679976712,8.35349301563145,0.32107066434526205
163,8.129693417136604,8.357121366926762,-0.22742794979015735
164,8.627720325822164,8.36074898618022,0.2669713396419448
165,8.478765958113268,8.364375873391818,0.11439008472144997
166,8.595811806609678,8.368002028561564,0.2278097780481143
167,8.89726779945246,8.371627451689452,0.5256403477630069
168,8.30725004881361,8.375252142775485,-0.06800209396187488
169,8.170000308215615,8.37887610181966,-0.2088757936040449
170,8.135996585294132,8.382499328821982,-0.24650274352785112
171,8.16004401464912,8.386121823782446,-0.2260778091333262
172,8.368377117233814,8.389743586701055,-0.02136646946724107
173,8.487904846439129,8.393364617577806,0.09454022886132359
174,8.473661627742137,8.396984916412702,0.07667671132943515
175,8.629833974596346,8.400604483205743,0.22922949139060297
176,8.407826409612568,8.404223317956927,0.0036030916556413143
177,8.810645608993298,8.407841420666255,0.40280418832704246
178,8.338116939516873,8.411458791333727,-0.07334185181685493
179,9.168890253071876,8.415075429959344,0.7538148231125315
180,8.592076627015341,8.418691336543104,0.17338529047223708
181,8.184770522623086,8.42230651108501,-0.23753598846192317
182,8.1291546168022,8.425920953585056,-0.29676633678285597
183,8.56323769355343,8.42953466404325,0.1337030295101812
184,8.37122150857732,8.433147642459586,-0.061926133882266074
185,8.634624110944591,8.436759888834066,0.19786422211052487
186,8.571515282245855,8.44037140316669,0.13114387907916444
187,8.423799795852348,8.44398218545746,-0.02018238960511015
188,8.212928280008779,8.44759223570637,-0.23466395569759077
189,8.031406231348711,8.451201553913428,-0.4197953225647167
190,8.331071663169304,8.454810140078628,-0.12373847690932338
191,8.695743714082147,8.458417994201973,0.23732571988017348
192,8.521354896152756,8.46202511628346,0.059329779869295995
193,8.120411669022854,8.465631506323094,-0.3452198373002407
194,8.51722916077109,8.469237164320868,0.047991996450222
195,8.57962146121078,8.472842090276789,0.1067793709339904
196,8.231511209891053,8.476446284190853,-0.24493507429980016
197,8.522650134660058,8.480049746063063,0.04260038859699523
198,8.499783308982,8.483652475893413,0.016130833088586902
199,8.170513896123538,8.48725447368191,-0.31674057755837143
200,8.590005975768808,8.49085573942855,0.09915023634025674
201,8.649861199319783,8.494456273133334,0.15540492618644913
202,8.798191849925114,8.498056074796263,0.3001357751288518
203,8.79368536709876,8.501655144417334,0.2920302226814249
204,8.123472964935495,8.50525348199655,-0.3817805170610569
205,8.248960480266845,8.50885108753391,-0.25989060726706503
206,8.655174826555344,8.512447961029416,0.1427268655259274
207,8.658424756767944,8.516044102483063,0.14238065428488111
208,8.6623698190081,8.519639511894857,0.14273030711324328
209,9.59090532633938,8.523234189264793,1.0676711370745866
210,8.685033636890488,8.526828134592874,0.15820550229761363
211,8.845109942507428,8.530421347879097,0.3146885946283312
212,8.798387339208606,8.534013829123465,0.2643735100851412
213,8.718119491545481,8.537605578325977,0.18051391321950436
214,8.45382900349994,8.541196595486634,-0.08736759198669299
215,8.75511286169553,8.544786880605434,0.21032598109009498
216,8.334210671659594,8.548376433682378,-0.21416576202278326
217,8.486337948025621,8.551965254717466,-0.06562730669184484
218,8.421049121897621,8.555553343710699,-0.13450422181307864
219,8.58182970863152,8.559140700662075,0.022689007969445067
220,9.204166821112398,8.562727325571593,0.6414394955408047
221,8.048855628614996,8.566313218439259,-0.5174575898242625
222,8.760075192667047,8.569898379265066,0.1901768134019807
223,8.126566070625753,8.57348280804902,-0.4469167374232674
224,8.446284478327206,8.577066504791114,-0.13078202646390788
225,8.882420076890892,8.580649469491355,0.30177060739953643
226,8.602045017519703,8.584231702149738,0.017813315369964923
227,8.289147958297741,8.587813202766268,-0.29866524446852616
228,8.393168601503532,8.59139397134094,-0.1982253698374082
229,8.783304521723064,8.594974007873756,0.1883305138493079
230,8.396153696907929,8.598553312364716,-0.20239961545678783
231,8.662117011996736,8.60213188481382,0.059985127182915515
232,8.61833861935675,8.605709725221068,0.012628894135681438
233,8.428714975481634,8.609286833586461,-0.18057185810482623
234,9.206994212609413,8.612863209909996,0.5941310026994169
235,8.792110853398782,8.616438854191678,0.17567199920710383
236,8.058805103569957,8.620013766431502,-0.5612086628615438
237,8.675258272149225,8.62358794662947,0.051670325519753986
238,8.443766754112149,8.627161394785581,-0.18339464067343159
239,8.866960920385463,8.630734110899837,0.2362268094856261
240,8.414682298190634,8.634306094972237,-0.21962379678160276
241,8.606081519231756,8.63787734700278,-0.03179582777102375
242,8.781390228317472,8.64144786699147,0.13994236132600088
243,8.884936225653634,8.6450176549383,0.2399185707153348
244,8.315959889364471,8.648586710843277,-0.33262682147880623
245,8.55945786240424,8.652155034706396,-0.09269717230215552
246,8.5241055123723,8.655722626527663,-0.13161711415536262
247,8.478238518618815,8.659289486307069,-0.18105096768825318
248,9.152099294987918,8.662855614044622,0.4892436809432961
249,8.778649771304654,8.666421009740318,0.11222876156433502
250,8.32056879643053,8.669985673394159,-0.34941687696362916
251,8.927908028650904,8.673549605006142,0.25435842364476113
252,9.265205934193597,8.677112804576272,0.5880931296173253
253,8.966792631021585,8.680675272104542,0.28611735891704304
254,8.263188340399404,8.684237007590959,-0.42104866719155387
255,8.55360678996511,8.687798011035518,-0.13419122107040798
256,9.04244541905949,8.691358282438223,0.35108713662126695
257,8.49880805789186,8.69491782179907,-0.19610976390720988
258,8.821468120908776,8.698476629118064,0.12299149179071137
259,8.916701732878165,8.7020347043952,0.21466702848296543
260,8.448720549323529,8.70559204763048,-0.25687149830695233
261,8.692652958372047,8.709148658823903,-0.016495700451856023
262,7.8144826933106115,8.712704537975469,-0.8982218446648573
263,8.432380800589478,8.716259685085182,-0.28387888449570486
264,8.649822270709212,8.719814100153037,-0.06999182944382609
265,8.37758139968919,8.72336778317904,-0.34578638348985086
266,9.179295481084857,8.726920734163182,0.45237474692167484
267,8.334151362854922,8.73047295310547,-0.39632159025054875
268,8.612079062131844,8.734024440005902,-0.12194537787405801
269,8.773806097835894,8.73757519486448,0.03623090297141538
270,9.140531689454539,8.741125217681198,0.39940647177334127
271,8.346767574284641,8.744674508456063,-0.39790693417142275
272,9.070559666269371,8.74822306718907,0.32233659908030254
273,8.754606685557125,8.751770893880224,0.0028357916769014726
274,8.483321754155336,8.755317988529518,-0.2719962343741814
275,8.886922728163627,8.758864351136959,0.1280583770266688
276,8.817573517504133,8.762409981702543,0.055163535801590426
277,8.5996224386113,8.765954880226271,-0.16633244161497168
278,8.788842640112522,8.769499046708143,0.019343593404378284
279,8.66626415852444,8.77304248114816,-0.10677832262372006
280,8.808043174682236,8.776585183546318,0.031457991135917684
281,8.963617182178046,8.780127153902622,0.1834900282754231
282,9.22318627235503,8.78366839221707,0.43951788013795917
283,8.444184765007568,8.787208898489661,-0.3430241334820935
284,9.381856091979012,8.7907486727204,0.5911074192586121
285,8.253324036116434,8.794287714909279,-0.5409636787928448
286,8.755763253383606,8.797826025056303,-0.04206277167269639
287,8.964398401286264,8.80136360316147,0.1630347981247945
288,8.882769075071424,8.804900449224782,0.07786862584664334
289,8.635873718938166,8.808436563246238,-0.17256284430807123
290,8.754296989099656,8.811971945225839,-0.05767495612618312
291,8.678885896378112,8.815506595163582,-0.13662069878546945
292,8.655715417156827,8.81904051305947,-0.163325095902643
293,9.058015914180167,8.822573698913502,0.2354422152666654
294,8.925042486798823,8.826106152725679,0.09893633407314385
295,8.637618374238501,8.829637874495997,-0.19201950025749562
296,9.082466492217932,8.833168864224461,0.24929762799347163
297,8.921858139525622,8.836699121911069,0.08515901761455183
298,9.065489459219124,8.840228647555822,0.22526081166330283
299,9.018240543140292,8.843757441158717,0.17448310198157602
300,8.617553934847136,8.847285502719757,-0.22973156787262108
301,8.695575144482744,8.85081283223894,-0.1552376877561969
302,9.061429857649241,8.85433942971627,0.20709042793297086
303,9.027011449487327,8.85786529515174,0.169146154335588
304,8.855598166964578,8.861390428545356,-0.0057922615807784504
305,8.897428660941694,8.864914829897117,0.03251383104457777
306,9.222505720189218,8.868438499207022,0.3540672209821958
307,8.70802483749038,8.871961436475068,-0.16393659898468854
308,9.027095578443074,8.875483641701258,0.1516119367418149
309,8.822973372300924,8.879005114885596,-0.05603174258467166
310,8.822201917457967,8.882525856028074,-0.0603239385701069
311,9.190539529895625,8.8860458651287,0.3044936647669258
312,9.118304989234073,8.889565142187466,0.2287398470466058
313,9.118523939190986,8.89308368720438,0.2254402519866063
314,9.25837652806345,8.896601500179434,0.3617750278840155
315,8.905939177625362,8.900118581112634,0.005820596512727716
316,9.092618124410333,8.903634930003978,0.1889831944063547
317,8.821169247193188,8.907150546853467,-0.08598129966027993
318,9.00049859522367,8.910665431661098,0.08983316356257137
319,8.878114267345694,8.914179584426874,-0.036065317081179236
320,8.944572582013759,8.917693005150793,0.026879576862965434
321,9.08613594646725,8.921205693832858,0.164930252634391
322,8.697971870403826,8.924717650473065,-0.22674578006923937
323,9.50807242431701,8.928228875071419,0.5798435492455912
324,8.652951259962496,8.931739367627912,-0.27878810766541584
325,8.598772490727626,8.935249128142551,-0.3364766374149256
326,9.259694499095339,8.938758156615336,0.32093634248000374
327,9.161652468057476,8.942266453046265,0.21938601501120972
328,9.118730455318222,8.945774017435337,0.1729564378828845
329,9.123408313889296,8.949280849782552,0.17412746410674412
330,8.949393117446661,8.952786950087912,-0.003393832641251303
331,8.707644677742898,8.956292318351414,-0.24864764060851482
332,8.980803956757994,8.959796954573063,0.021007002184929707
333,8.775645420976511,8.963300858752854,-0.18765543777634214
334,9.237029764785646,8.96680403089079,0.27022573389485666
335,8.929553845971489,8.97030647098687,-0.0407526250153808
336,8.74504592740503,8.973808179041095,-0.2287622516360647
337,8.88824652823152,8.977309155053462,-0.08906262682194203
338,9.095241197967065,8.980809399023974,0.11443179894309125
339,8.828089242971874,8.98430891095263,-0.15621966798075607
340,8.759953508218686,8.98780769083943,-0.22785418262074336
341,9.058836477022925,8.991305738684373,0.06753073833855217
342,9.062688329689047,8.99480305448746,0.06788527520158573
343,8.857815257804956,8.998299638248692,-0.14048438044373524
344,8.871261087405866,9.00179548996807,-0.13053440256220375
345,9.069596419972019,9.005290609645588,0.06430581032643168
346,8.60749104279297,9.00878499728125,-0.40129395448827865
347,8.62224149299903,9.01227865287506,-0.39003715987602916
348,8.816675906124043,9.015771576427012,-0.1990956703029682
349,8.96011317212572,9.019263767937106,-0.05915059581138729
350,9.108914108420619,9.022755227405346,0.08615888101527208
351,9.43509750692183,9.02624595483173,0.40885155209010005
352,9.26741107171076,9.029735950216256,0.23767512149450348
353,8.98890295737204,9.033225213558929,-0.0443222561868885
354,9.031443962534254,9.036713744859744,-0.00526978232549021
355,8.76238003766547,9.040201544118705,-0.27782150645323533
356,9.038558240583589,9.043688611335808,-0.005130370752220194
357,8.967181700682785,9.047174946511056,-0.079993245828272
358,9.140092500224707,9.050660549644448,0.08943195058025893
359,8.824902712213957,9.054145420735983,-0.22924270852202658
360,9.201551160535827,9.057629559785662,0.14392160075016433
361,9.485866444177875,9.061112966793488,0.42475347738438735
362,9.034455967698856,9.064595641759453,-0.030139674060598032
363,9.179400165078777,9.068077584683566,0.1113225803952096
364,9.262811890198217,9.07155879556582,0.1912530946323952
365,8.963852829548847,9.075039274406222,-0.11118644485737526
366,9.140619656934179,9.078519021204764,0.06210063572941439
367,9.085487649212158,9.081998035961453,0.003489613250704849
368,9.112544374536288,9.085476318676283,0.02706805586000421
369,8.874736959372362,9.088953869349261,-0.21421690997689938
370,9.099222961380281,9.092430687980379,0.006792273399902394
371,9.23391234364834,9.095906774569642,0.13800556907869904
372,9.501523869217852,9.09938212911705,0.4021417401008027
373,9.368690427323378,9.102856751622603,0.26583367570077476
374,9.70302178662016,9.106330642086299,0.5966911445338613
375,8.897156008418978,9.109803800508137,-0.2126477920891583
376,9.355014216768886,9.113276226888122,0.24173798988076425
377,9.167555761901108,9.116747921226247,0.05080784067485979
378,9.727058315065793,9.12021888352252,0.6068394315432726
379,8.899693034238592,9.123689113776935,-0.22399607953834325
380,8.8944544185511,9.127158611989495,-0.2327041934383963
381,8.964523348105768,9.130627378160199,-0.16610403005443114
382,8.545520223879965,9.134095412289048,-0.588575188409082
383,8.991865184407454,9.137562714376038,-0.14569752996858398
384,8.93065801045166,9.141029284421174,-0.21037127396951322
385,9.186172333879622,9.144495122424454,0.04167721145516865
386,9.242667838336143,9.147960228385877,0.09470760995026581
387,9.671350129976046,9.151424602305443,0.5199255276706033
388,9.418270237576746,9.154888244183157,0.2633819933935885
389,8.998479285575126,9.15835115401901,-0.15987186844388515
390,8.912844148248135,9.161813331813011,-0.24896918356487605
391,9.30159569753196,9.165274777565154,0.13632091996680676
392,8.802871715727507,9.168735491275442,-0.36586377554793464
393,9.679730365470899,9.172195472943873,0.5075348925270269
394,9.50250183814452,9.17565472257045,0.32684711557407015
395,9.049095017191696,9.17911324015517,-0.13001822296347376
396,8.707826212810652,9.182571025698032,-0.4747448128873808
397,9.561213959836005,9.18602807919904,0.37518588063696423
398,9.157743053741635,9.189484400658191,-0.0317413469165559
399,9.535964348897231,9.192939990075487,0.3430243588217436
400,8.754546149825005,9.196394847450925,-0.4418486976259191
401,9.033749826284577,9.19984897278451,-0.16609914649993268
402,9.204755503117884,9.203302366076237,0.0014531370416466882
403,9.219774316131183,9.206755027326109,0.013019288805074788
404,9.085484557670403,9.210206956534124,-0.1247223988637207
405,9.38626268041317,9.213658153700285,0.17260452671288398
406,8.921249039570787,9.217108618824588,-0.29585957925380074
407,9.181102068219083,9.220558351907036,-0.039456283687952245
408,9.257343746674124,9.224007352947625,0.03333639372649908
409,9.370017203579316,9.227455621946362,0.1425615816329546
410,9.428106277753146,9.23090315890324,0.19720311884990566
411,8.922688509105669,9.234349963818266,-0.31166145471259654
412,8.812661447103618,9.237796036691432,-0.4251345895878135
413,9.595311903475332,9.241241377522742,0.35407052595259025
414,9.336777033896668,9.244685986312199,0.09209104758446927
415,9.04070884929106,9.2481298630598,-0.2074210137687413
416,9.681429123484675,9.251573007765542,0.4298561157191327
417,9.287071240728796,9.255015420429428,0.03205582029936752
418,9.5852646059379,9.25845710105146,0.3268075048864396
419,9.280608809516028,9.261898049631636,0.018710759884392768
420,9.83641390056589,9.265338266169955,0.571075634395936
421,9.75521880106163,9.268777750666418,0.4864410503952131
422,9.203223417009987,9.272216503121028,-0.06899308611104085
423,9.544896816818481,9.275654523533778,0.2692422932847039
424,9.457938761297733,9.279091811904674,0.17884694939305762
425,9.661804322141002,9.282528368233713,0.37927595390728985
426,9.018564055541086,9.285964192520897,-0.26740013697981174
427,9.479518254687934,9.289399284766223,0.19011896992171076
428,9.58614483941015,9.292833644969695,0.2933111944404532
429,8.808884388587689,9.29626727313131,-0.48738288454362094
430,8.971794898734446,9.29970016925107,-0.3279052705166243
431,8.738019154985412,9.303132333328973,-0.5651131783435607
432,9.231905590518219,9.306563765365022,-0.0746581748468038
433,9.508840182483025,9.309994465359212,0.19884571712381371
434,9.729758472160126,9.313424433311546,0.4163340388485797
435,9.33738685681996,9.316853669222027,0.02053318759793157
436,9.771605037301455,9.320282173090652,0.4513228642108038
437,8.941255445623934,9.323709944917418,-0.382454499293484
438,8.85509467645672,9.327136984702328,-0.47204230824560955
439,9.315169882604422,9.330563292445385,-0.015393409840962633
440,9.440421303309723,9.333988868146584,0.10643243516313851
441,9.328353324660169,9.337413711805928,-0.009060387145758974
442,8.767907095408848,9.340837823423414,-0.5729307280145646
443,9.319564207074583,9.344261202999046,-0.02469699592446359
444,8.986188522280278,9.347683850532821,-0.3614953282525426
445,9.536685802788606,9.351105766024741,0.18558003676386475
446,9.456118863473787,9.354526949474803,0.10159191399898349
447,9.097487381124141,9.357947400883011,-0.26046001975886973
448,9.21896402850298,9.361367120249362,-0.14240309174638258
449,9.071256255295527,9.364786107573858,-0.29352985227833145
450,9.35083469585043,9.368204362856497,-0.01736966700606614
451,9.636311467987742,9.37162188609728,0.26468958189046216
452,9.101873715946601,9.375038677296207,-0.27316496134960633
453,9.518136392874649,9.37845473645328,0.13968165642136832
454,9.234924771449535,9.381870063568494,-0.14694529211895824
455,9.165563289418369,9.385284658641853,-0.2197213692234831
456,9.359038207584153,9.388698521673357,-0.02966031408920405
457,9.105224712785084,9.392111652663004,-0.2868869398779201
458,9.242096441922863,9.395524051610796,-0.15342760968793337
459,9.06697911713948,9.39893571851673,-0.33195660137724986
460,9.946812397175322,9.40234665338081,0.5444657437945112
461,9.41552911173713,9.405756856203032,0.009772255534097678
462,9.215257997121675,9.409166326983401,-0.1939083298617268
463,9.471873300015915,9.412575065721912,0.05929823429400223
464,9.384854659543265,9.415983072418568,-0.03112841287530261
465,9.358155126252809,9.419390347073366,-0.06123522082055647
466,9.592995114135448,9.42279688968631,0.17019822444913668
467,9.636123666743314,9.426202700257397,0.20992096648591818
468,9.282594999707012,9.429607778786629,-0.1470127790796171
469,9.27344104765579,9.433012125274002,-0.15957107761821218
470,9.360193257315931,9.436415739719523,-0.07622248240359139
471,8.801908922635759,9.439818622123186,-0.6379096994874272
472,9.023330165473636,9.443220772484993,-0.41989060701135683
473,9.825411163485853,9.446622190804945,0.37878897268090855
474,9.905877263350286,9.45002287708304,0.4558543862672454
475,9.384409822712097,9.453422831319278,-0.06901300860718099
476,9.616597846305652,9.456822053513664,0.15977579279198895
477,9.546474363124462,9.460220543666189,0.08625381945827337
478,10.316839498648253,9.463618301776862,0.8532211968713925
479,9.77727256264934,9.467015327845676,0.31025723480366424
480,9.434963026329603,9.470411621872634,-0.035448595543029864
481,9.20900727469946,9.473807183857739,-0.2647999091582786
482,9.032022697889921,9.477202013800987,-0.4451793159110658
483,9.536980069937362,9.480596111702377,0.056383958234984786
484,9.27438912980768,9.483989477561911,-0.20960034775423056
485,9.093246356261954,9.487382111379592,-0.3941357551176374
486,9.311595368550854,9.490774013155413,-0.17917864460455893
487,9.194445986360714,9.494165182889382,-0.2997191965286683
488,9.965097267927826,9.497555620581492,0.46754164734633297
489,9.745265835998813,9.500945326231749,0.24432050976706374
490,9.502124916954095,9.504334299840146,-0.0022093828860509156
491,9.917845501028532,9.507722541406691,0.41012295962184137
492,9.532550400252381,9.511110050931377,0.021440349321003516
493,9.27581726177245,9.51449682841421,-0.2386795666417587
494,9.939971882504947,9.517882873855184,0.4220890086497629
495,9.670611244385944,9.521268187254304,0.1493430571316392
496,9.237210525698401,9.524652768611565,-0.2874422429131641
497,9.475289855441257,9.528036617926974,-0.052746762485715436
498,9.288767907918446,9.531419735200524,-0.24265182728207704
499,9.151599874263168,9.53480212043222,-0.38320224616905135
500,9.794846621189985,9.538183773622059,0.25666284756792535
501,10.07070331775086,9.54156469477004,0.5291386229808198
502,9.15737304414711,9.54494488387617,-0.3875718397290589
503,9.704334695291216,9.548324340940441,0.156010354350775
504,9.371396627975042,9.551703065962855,-0.18030643798781373
505,9.42008859615604,9.555081058943413,-0.1349924627873733
506,9.394293779419758,9.558458319882117,-0.1641645404623589
507,9.322405236379675,9.561834848778965,-0.23942961239928978
508,9.578656986705536,9.565210645633956,0.013446341071580516
509,9.338312342631866,9.56858571044709,-0.23027336781522487
510,9.646909192259866,9.57196004321837,0.07494914904149519
511,9.561411630547651,9.575333643947792,-0.013922013400140645
512,9.512489094287252,9.57870651263536,-0.06621741834810779
513,9.330574092223328,9.58207864928107,-0.2515045570577421
514,9.425614855446204,9.585450053884927,-0.15983519843872326
515,9.798155171624284,9.588820726446924,0.2093344451773601
516,9.73100512226674,9.592190666967069,0.1388144552996712
517,9.324659211254524,9.595559875445355,-0.27090066419083153
518,9.626455376732366,9.598928351881787,0.027527024850578917
519,9.810520922309394,9.602296096276362,0.208224826033031
520,9.143036569754894,9.60566310862908,-0.46262653887418587
521,9.75960567380343,9.609029388939943,0.15057628486348648
522,9.428768265097906,9.61239493720895,-0.18362667211104453
523,9.773884380285343,9.615759753436102,0.1581246268492422
524,9.407609027018841,9.619123837621398,-0.21151481060255695
525,9.122317237777192,9.622487189764836,-0.5001699519876442
526,9.174824325867124,9.625849809866418,-0.4510254839992928
527,9.642537025632647,9.629211697926147,0.013325327706500231
528,9.704547301010845,9.632572853944016,0.07197444706682801
529,9.385328541580982,9.635933277920032,-0.2506047363390491
530,9.816260074425038,9.639292969854191,0.17696710457084816
531,9.182210547195467,9.642651929746494,-0.46044138255102723
532,9.62769808629621,9.64601015759694,-0.018312071300731158
533,9.313770156888483,9.649367653405532,-0.33559749651705045
534,9.472087225068037,9.652724417172266,-0.180637192104228
535,9.669215595590595,9.656080448897146,0.013135146693448708
536,9.4209975085172,9.659435748580169,-0.23843824006296893
537,9.556222065573165,9.662790316221336,-0.10656825064817142
538,9.945008586170673,9.666144151820646,0.27886443435002584
539,9.509628653115817,9.669497255378102,-0.15986860226228647
540,9.904437099235622,9.6728496268937,0.23158747234192187
541,9.36313626170804,9.676201266367444,-0.3130650046594047
542,9.826371808241479,9.679552173799332,0.1468196344421473
543,10.082390663421014,9.68290234918936,0.3994883142316542
544,9.001308266030163,9.686251792537536,-0.684943526507373
545,9.468764438418253,9.689600503843856,-0.2208360654256034
546,9.852867038474916,9.692948483108319,0.15991855536659638
547,9.640027677724584,9.696295730330926,-0.05626805260634237
548,9.80249440056169,9.699642245511678,0.10285215505001236
549,9.535611310952682,9.702988028650573,-0.16737671769789048
550,9.730328890790888,9.70633307974761,0.023995811043277773
551,9.666536034985755,9.709677398802793,-0.04314136381703707
552,10.036637413447249,9.71302098581612,0.32361642763112775
553,9.786869089264359,9.71636384078759,0.07050524847676808
554,9.813262605017425,9.719705963717207,0.09355664130021783
555,9.608907776017286,9.723047354604965,-0.11413957858767819
556,9.591262299924527,9.726388013450869,-0.13512571352634195
557,9.609857169774147,9.729727940254914,-0.11987077048076783
558,9.842377936560396,9.733067135017107,0.1093108015432899
559,9.619742139508292,9.736405597737441,-0.11666345822914952
560,9.820045901203219,9.739743328415921,0.08030257278729844
561,10.318216574141157,9.743080327052542,0.5751362470886145
562,9.987823165816351,9.74641659364731,0.24140657216904102
563,9.659404301950964,9.749752128200221,-0.09034782624925691
564,10.085968014497537,9.753086930711275,0.33288108378626136
565,9.643334922230286,9.756421001180474,-0.11308607895018849
566,9.194948111805225,9.759754339607818,-0.564806227802593
567,9.483725495433559,9.763086945993305,-0.279361450559745
568,9.24798390152763,9.766418820336934,-0.5184349188093035
569,9.672338346461,9.769749962638711,-0.09741161617771019
570,9.778184484591874,9.77308037289863,0.005104111693243519
571,10.240985310454851,9.776410051116692,0.4645752593381603
572,9.870337296638247,9.779738997292897,0.09059829934534941
573,9.722349948546505,9.78306721142725,-0.06071726288074432
574,10.016240038856203,9.786394693519744,0.22984534533645853
575,9.176970371942229,9.789721443570384,-0.6127510716281546
576,9.85834110163098,9.793047461579166,0.06529364005181386
577,10.00999534753389,9.796372747546094,0.21362259998779598
578,9.389950641958604,9.799697301471163,-0.4097466595125578
579,10.119978892876198,9.803021123354378,0.3169577695218199
580,9.900148529733718,9.806344213195738,0.09380431653798091
581,9.694581748623554,9.80966657099524,-0.11508482237168685
582,9.988345066585273,9.812988196752887,0.1753568698323861
583,10.4455647838176,9.816309090468678,0.6292556933489216
584,9.870028131951598,9.819629252142613,0.05039887980898504
585,9.891735711512794,9.82294868177469,0.0687870297381048
586,9.698969026201873,9.826267379364914,-0.12729835316304222
587,9.594075990969511,9.829585344913282,-0.23550935394376987
588,10.063005711107323,9.832902578419793,0.23010313268753008
589,9.598980644230068,9.836219079884446,-0.23723843565437755
590,9.859367325578566,9.839534849307245,0.019832476271320003
591,9.710481183975093,9.842849886688189,-0.13236870271309584
592,9.978899353154098,9.846164192027276,0.1327351611268222
593,9.941942397291339,9.849477765324506,0.09246463196683263
594,10.140314264725568,9.85279060657988,0.2875236581456876
595,9.714766681913863,9.8561027157934,-0.14133603387953708
596,9.784626197745393,9.859414092965062,-0.07478789521966928
597,9.591489181739224,9.862724738094869,-0.27123555635564456
598,9.742911850818805,9.86603465118282,-0.12312280036401585
599,9.973901558975541,9.869343832228914,0.10455772674662622
600,10.082429396260943,9.872652281233155,0.2097771150277889
601,9.620409020240368,9.875959998195535,-0.2555509779551668
602,10.120252669187902,9.879266983116064,0.2409856860718375
603,10.2582483687369,9.882573235994734,0.37567513274216685
604,10.000450071832832,9.885878756831548,0.11457131500128416
605,10.409282266264361,9.889183545626507,0.5200987206378538
606,9.678054700406843,9.892487602379608,-0.21443290197276457
607,9.550871509380825,9.895790927090857,-0.34491941771003315
608,9.406173554978976,9.899093519760248,-0.4929199647812724
609,10.31698002897698,9.902395380387782,0.41458464858919736
610,10.087034691007881,9.90569650897346,0.18133818203442148
611,9.893593249970866,9.908996905517284,-0.015403655546418172
612,9.989881634624233,9.912296570019251,0.077585064604981
613,9.60369933898891,9.915595502479361,-0.3118961634904506
614,10.596661879427396,9.918893702897615,0.6777681765297815
615,9.958001018554643,9.922191171274015,0.035809847280628034
616,9.955803455169852,9.925487907608556,0.030315547561295886
617,10.129908770580927,9.928783911901244,0.20112485867968402
618,10.065376735418601,9.932079184152075,0.1332975512665265
619,9.997416592221096,9.93537372436105,0.06204286786004714
620,9.719610802849274,9.938667532528168,-0.21905672967889364
621,10.072614187336262,9.941960608653432,0.13065357868283028
622,10.466800649228984,9.945252952736837,0.5215476964921467
623,10.321388131480495,9.94854456477839,0.3728435667021057
624,10.393340226868942,9.951835444778082,0.4415047820908605
625,9.813457214373825,9.955125592735921,-0.14166837836209695
626,9.684175159271582,9.958415008651905,-0.27423984938032153
627,9.926845549845268,9.96170369252603,-0.03485814268076088
628,9.980434163675042,9.964991644358301,0.015442519316740747
629,10.271501838689494,9.968278864148717,0.3032229745407767
630,9.502548593254936,9.971565351897274,-0.4690167586423384
631,10.398720960136522,9.974851107603977,0.42386985253254517
632,9.934348892746804,9.978136131268824,-0.043787238522020246
633,9.863122898537496,9.981420422891816,-0.11829752435431921
634,9.704229043642329,9.984703982472949,-0.2804749388306206
635,9.529391989991137,9.987986810012227,-0.45859482002109153
636,10.219386404877772,9.991268905509651,0.22811749936812084
637,10.014868185639639,9.994550268965218,0.020317916674420667
638,9.640356203803526,9.997830900378927,-0.3574746965754011
639,9.642217835493014,10.001110799750782,-0.35889296425776795
640,9.911337120659237,10.004389967080781,-0.09305284642154416
641,10.470188594609173,10.007668402368923,0.46252019224024987
642,9.939008003009985,10.010946105615211,-0.07193810260522733
643,9.59767124863383,10.01422307681964,-0.4165518281858092
644,9.94939885860613,10.017499315982215,-0.06810045737608558
645,9.94519751268672,10.020774823102935,-0.07557731041621459
646,9.276686841235197,10.024049598181797,-0.7473627569465995
647,10.012277416997625,10.027323641218803,-0.015046224221178638
648,9.966600244149623,10.030596952213955,-0.06399670806433126
649,10.226802634074087,10.033869531167248,0.19293310290683877
650,10.54952514037296,10.037141378078688,0.5123837622942715
651,10.352606833250276,10.040412492948269,0.3121943403020069
652,9.969168289257953,10.043682875775994,-0.07451458651804142
653,9.74031143878963,10.046952526561867,-0.3066410877722357
654,10.76335237433694,10.050221445305882,0.7131309290310575
655,10.06990027804797,10.05348963200804,0.016410646039929297
656,10.060617179947982,10.056757086668341,0.0038600932796410787
657,10.053338251456134,10.06002380928679,-0.006685557830656076
658,10.118183161178374,10.06328979986338,0.054893361314993186
659,10.026549819122744,10.066555058398114,-0.040005239275369385
660,9.910846043997221,10.069819584890991,-0.1589735408937697
661,9.921537519208815,10.073083379342016,-0.15154586013319996
662,10.067269836921788,10.07634644175118,-0.009076604829392048
663,9.929014591154097,10.079608772118492,-0.15059418096439625
664,9.88532614261601,10.082870370443946,-0.1975442278279343
665,10.115625241823553,10.086131236727546,0.029494005096006068
666,10.018731939780748,10.089391370969288,-0.0706594311885404
667,10.509438163665315,10.092650773169176,0.4167873904961398
668,9.36127118562802,10.095909443327205,-0.7346382576991849
669,10.401646379666719,10.09916738144338,0.3024789982233402
670,10.4477404232028,10.102424587517698,0.345315835685103
671,9.531101983718198,10.105681061550161,-0.5745790778319625
672,10.013971022997637,10.108936803540766,-0.09496578054312982
673,10.009257909916002,10.112191813489517,-0.10293390357351484
674,9.725395651808217,10.115446091396413,-0.3900504395881951
675,9.90315063539353,10.118699637261452,-0.21554900186792286
676,9.814189042549103,10.121952451084633,-0.30776340853553075
677,10.610794712542445,10.125204532865958,0.4855901796764877
678,10.38775160990204,10.12845588260543,0.25929572729661066
679,10.484080569821886,10.131706500303045,0.3523740695188415
680,10.334946557887724,10.134956385958803,0.19999017192892043
681,9.825322072008053,10.138205539572704,-0.3128834675646512
682,9.9960986072936,10.141453961144752,-0.14535535385115173
683,10.280317406797305,10.144701650674941,0.13561575612236515
684,9.809271856218542,10.147948608163277,-0.33867675194473496
685,10.34878136319819,10.151194833609754,0.19758652958843587
686,10.087841216294674,10.154440327014377,-0.066599110719703
687,10.053814533482155,10.157685088377143,-0.10387055489498664
688,10.357950747548864,10.160929117698055,0.19702162985080965
689,10.287286915970848,10.16417241497711,0.12311450099373898
690,10.067383831498043,10.167414980214307,-0.10003114871626304
691,10.491930946425345,10.17065681340965,0.3212741330156952
692,9.874313031726654,10.173897914563137,-0.2995848828364822
693,10.3478267086081,10.177138283674767,0.170688424933333
694,10.344738477931426,10.18037792074454,0.16436055718688575
695,10.097835140845437,10.183616825772459,-0.08578168492702194
696,10.277233166959297,10.186854998758523,0.09037816820077431
697,9.843383135421117,10.190092439702727,-0.3467093042816105
698,10.449396040543249,10.193329148605077,0.2560668919381712
699,10.145324940484487,10.196565125465574,-0.051240184981087206
700,10.054943070198194,10.199800370284212,-0.14485730008601913
701,10.493736915026547,10.203034883060994,0.2907020319655532
702,10.011080540565118,10.20626866379592,-0.19518812323080062
703,9.81918811875384,10.20950171248899,-0.390313593735151
704,9.781360069202677,10.212734029140204,-0.4313739599375279
705,10.383903435370701,10.215965613749564,0.16793782162113777
706,9.864363157523186,10.219196466317065,-0.35483330879387803
707,10.708716146381347,10.222426586842712,0.48628955953863545
708,9.648710516340858,10.225655975326502,-0.5769454589856449
709,10.69900758327001,10.228884631768437,0.47012295150157174
710,10.290589836429884,10.232112556168515,0.058477280261368884
711,10.208538556081546,10.235339748526737,-0.026801192445191014
712,10.087557922270792,10.238566208843103,-0.1510082865723118
713,10.352400763632382,10.241791937117615,0.11060882651476668
714,10.234587583256998,10.245016933350268,-0.010429350093269677
715,10.553988841197627,10.248241197541066,0.30574764365656076
716,10.283119560510213,10.251464729690008,0.031654830820205926
717,10.29633923922807,10.254687529797096,0.041651709430974286
718,10.157145175267539,10.257909597862326,-0.10076442259478667
719,10.245350130324077,10.261130933885699,-0.015780803561621395
720,10.349649738736833,10.264351537867219,0.08529820086961372
721,9.793648574331412,10.267571409806882,-0.4739228354754699
722,9.897180640449792,10.270790549704687,-0.37360990925489573
723,10.47998272509072,10.274008957560637,0.2059737675300824
724,10.324576960553074,10.277226633374731,0.047350327178342914
725,10.229458010568317,10.280443577146968,-0.0509855665786512
726,10.288768210869497,10.283659788877353,0.005108421992143364
727,10.383197308004643,10.286875268565877,0.09632203943876555
728,10.140511507297312,10.290090016212549,-0.1495785089152373
729,10.077619784634177,10.293304031817362,-0.21568424718318469
730,10.350790063613102,10.296517315380322,0.054272748232778965
731,10.028602647552546,10.299729866901423,-0.27112721934887596
732,10.416076921723382,10.30294168638067,0.11313523534271275
733,9.83433183921349,10.30615277381806,-0.4718209346045689
734,10.594563323464211,10.309363129213596,0.28520019425061544
735,10.443539235087645,10.312572752567272,0.13096648252037227
736,10.386732749146319,10.315781643879093,0.07095110526722574
737,10.591313686286774,10.31898980314906,0.27232388313771483
738,10.783734453565764,10.322197230377173,0.4615372231885917
739,10.606506733625528,10.325403925563426,0.2811028080621016
740,9.818465777044553,10.328609888707824,-0.5101441116632716
741,9.97721802464218,10.331815119810367,-0.35459709516818577
742,10.161869540042096,10.335019618871053,-0.17315007882895772
743,10.345453752530704,10.338223385889883,0.007230366640820821
744,10.484880382385276,10.341426420866856,0.14345396151841916
745,10.143510186448951,10.344628723801975,-0.20111853735302268
746,10.399587206455289,10.347830294695239,0.051756911760050046
747,10.141698986661071,10.351031133546645,-0.20933214688557356
748,10.184767079761183,10.354231240356194,-0.16946416059501102
749,9.967615893700023,10.357430615123889,-0.38981472142386653
750,10.104782336762373,10.360629257849725,-0.2558469210873514
751,9.9892475635586,10.363827168533708,-0.37457960497510856
752,10.09658979751301,10.367024347175834,-0.27043454966282293
753,10.66220660638264,10.370220793776106,0.29198581260653383
754,10.110318549487587,10.373416508334518,-0.26309795884693105
755,11.106098702507781,10.376611490851078,0.7294872116567027
756,10.516514277970579,10.379805741325779,0.13670853664480004
757,10.434221151249494,10.382999259758627,0.05122189149086734
758,10.14832345099684,10.386192046149615,-0.23786859515277514
759,10.583454371699016,10.38938410049875,0.19407027120026507
760,10.23305434173064,10.392575422806027,-0.1595210810753871
761,10.42957744214525,10.39576601307145,0.03381142907380091
762,11.108407951360947,10.398955871295016,0.7094520800659321
763,10.375524823552055,10.402144997476727,-0.026620173924671867
764,10.723820667997318,10.405333391616582,0.31848727638073693
765,10.213656403738511,10.408521053714578,-0.19486464997606634
766,10.402011953428605,10.411707983770722,-0.009696030342116458
767,10.905619458842942,10.414894181785009,0.4907252770579339
768,10.24433418090612,10.418079647757438,-0.17374546685131703
769,10.923531154625497,10.421264381688012,0.5022667729374855
770,10.620581001571884,10.42444838357673,0.1961326179951548
771,10.271760541293828,10.42763165342359,-0.15587111212976296
772,10.606067382760365,10.430814191228599,0.17525319153176527
773,10.703510837986665,10.433995996991747,0.2695148409949174
774,10.609493400313244,10.437177070713043,0.17231632960020257
775,10.005215846930524,10.44035741239248,-0.43514156546195565
776,10.242032355222822,10.443537022030062,-0.20150466680724047
777,10.378123394877548,10.446715899625788,-0.0685925047482397
778,10.429267011067271,10.44989404517966,-0.0206270341123885
779,10.625072462589763,10.453071458691673,0.1720010038980908
780,10.505492742383892,10.456248140161831,0.04924460222206053
781,10.089372703110596,10.459424089590133,-0.3700513864795362
782,10.567959951205607,10.462599306976578,0.1053606442290293
783,10.634979660555171,10.465773792321169,0.16920586823400183
784,10.624076992229709,10.468947545623903,0.1551294466058048
785,10.771627134882102,10.472120566884781,0.2995065679973211
786,10.706389836814392,10.475292856103803,0.2310969807105899
787,10.60571265741659,10.47846441328097,0.12724824413561986
788,10.462190876638562,10.481635238416281,-0.019444361777719337
789,10.024518895036028,10.484805331509733,-0.460286436473705
790,10.607030737251145,10.48797469256133,0.1190560446898149
791,10.548697851298279,10.491143321571073,0.05755452972720569
792,10.569571300020657,10.494311218538959,0.07526008148169776
793,10.143665093592361,10.49747838346499,-0.3538132898726304
794,10.20106181438308,10.500644816349164,-0.29958300196608467
795,10.795660833560195,10.503810517191482,0.29185031636871345
796,10.496013939308057,10.506975485991944,-0.010961546683887808
797,10.698997582750884,10.51013972275055,0.1888578600003353
798,10.521150831930951,10.513303227467299,0.00784760446365185
799,10.52471203840555,10.516466000142195,0.008246038263354852
800,10.77964578155343,10.519628040775231,0.2600177407781989
801,10.379782741432892,10.522789349366414,-0.14300660793352135
802,10.552586970169148,10.52594992591574,0.026637044253408723
803,10.401003780080934,10.52910977042321,-0.12810599034227613
804,10.411861041770768,10.532268882888824,-0.12040784111805476
805,10.449749309005044,10.535427263312583,-0.08567795430753801
806,10.600142748548183,10.538584911694484,0.0615578368536989
807,10.40907073831437,10.54174182803453,-0.13267108972015973
808,10.892893862479966,10.54489801233272,0.3479958501472463
809,10.300139381317809,10.548053464589055,-0.2479140832712463
810,10.499422208725855,10.551208184803532,-0.051785976077676696
811,10.432503652564492,10.554362172976154,-0.12185852041166192
812,10.958502761563663,10.55751542910692,0.40098733245674323
813,10.615137324405472,10.560667953195829,0.05446937120964291
814,10.84976508958129,10.563819745242885,0.2859453443384047
815,10.155291471632284,10.566970805248081,-0.41167933361579717
816,10.644126254437314,10.570121133211424,0.07400512122588856
817,10.819805720072138,10.57327072913291,0.2465349909392288
818,10.599222178815838,10.57641959301254,0.022802585803298386
819,10.874834251037262,10.579567724850314,0.2952665261869475
820,10.439363855798694,10.582715124646231,-0.14335126884753682
821,10.976420954814278,10.585861792400292,0.3905591624139858
822,11.226079680730225,10.5890077281125,0.637071952617724
823,10.491602904006767,10.592152931782849,-0.10055002777608206
824,10.471839491862793,10.595297403411342,-0.1234579115485487
825,11.001203874077149,10.59844114299798,0.40276273107916766
826,11.039316079958136,10.601584150542763,0.437731929415372
827,10.459831158603443,10.604726426045689,-0.14489526744224643
828,10.491425560301582,10.607867969506758,-0.11644240920517648
829,10.532920470208765,10.611008780925973,-0.0780883107172077
830,10.241573971724074,10.614148860303331,-0.3725748885792569
831,10.362710858903872,10.617288207638833,-0.2545773487349596
832,10.342158763810886,10.620426822932478,-0.27826805912159247
833,10.410792209225619,10.623564706184268,-0.21277249695864958
834,10.617089961718271,10.626701857394202,-0.009611895675931681
835,10.694743996157182,10.62983827656228,0.0649057195949025
836,11.06264954014976,10.632973963688501,0.4296755764612586
837,10.35944448044798,10.636108918772868,-0.2766644383248874
838,10.912019123473753,10.639243141815378,0.27277598165837535
839,10.583075922867854,10.642376632816033,-0.059300709948177995
840,10.631801980485816,10.64550939177483,-0.013707411289014341
841,10.835647779313902,10.648641418691772,0.1870063606221296
842,10.340643349818645,10.651772713566857,-0.3111293637482109
843,10.760876882276095,10.654903276400088,0.10597360587600799
844,10.704160437591328,10.65803310719146,0.046127330399868494
845,10.797630579683796,10.661162205940977,0.13646837374281903
846,10.744425151348521,10.66429057264864,0.08013457869987958
847,11.347832375443401,10.667418207314448,0.6804141681289535
848,10.493814243591979,10.670545109938397,-0.17673086634641735
849,10.526521103015233,10.67367128052049,-0.14715017750525686
850,10.504111662752242,10.676796719060729,-0.17268505630848557
851,10.525987291070035,10.679921425559112,-0.15393413448907703
852,10.506412317586005,10.683045400015637,-0.1766330824296323
853,11.015669578285129,10.686168642430305,0.3295009358548234
854,11.082942096127198,10.68929115280312,0.39365094332407685
855,10.534247394317742,10.69241293113408,-0.15816553681633713
856,10.464871128651556,10.69553397742318,-0.23066284877162374
857,10.829293238179563,10.698654291670424,0.1306389465091396
858,10.54874151046394,10.701773873875815,-0.15303236341187695
859,10.880291148557864,10.704892724039349,0.17539842451851556
860,10.764244984856006,10.708010842161027,0.0562341426949788
861,10.291084358924069,10.711128228240847,-0.42004386931677856
862,11.143090401864226,10.714244882278814,0.42884551958541206
863,11.215035444184728,10.717360804274923,0.4976746399098057
864,10.550659644571047,10.720475994229178,-0.1698163496581306
865,10.616150375835582,10.723590452141575,-0.10744007630599278
866,10.805923357315386,10.726704178012117,0.07921917930326948
867,10.822502027282697,10.729817171840804,0.09268485544189305
868,10.915425596187633,10.732929433627634,0.1824961625600003
869,11.293109985925339,10.736040963372606,0.5570690225527338
870,10.690116044976893,10.739151761075723,-0.04903571609883041
871,10.521037241305251,10.742261826736986,-0.22122458543173515
872,10.36313343313994,10.745371160356392,-0.3822377272164517
873,10.545924014470174,10.748479761933941,-0.20255574746376775
874,10.742407465947641,10.751587631469635,-0.00918016552199353
875,11.252003662494118,10.754694768963473,0.4973088935306461
876,10.614360437487615,10.757801174415455,-0.14344073692783887
877,10.822923091981046,10.76090684782558,0.0620162441554656
878,10.759460666914348,10.76401178919385,-0.004551122279501116
879,11.096444216858803,10.767115998520264,0.32932821833853954
880,11.47048442367033,10.77021947580482,0.7002649478655087
881,10.626207565433432,10.773322221047524,-0.14711465561409046
882,10.640790498186014,10.776424234248369,-0.13563373606235432
883,11.068883970210988,10.779525515407359,0.2893584548036291
884,10.971592221095941,10.782626064524493,0.18896615657144752
885,11.297486463694604,10.78572588159977,0.5117605820948343
886,10.950643476723789,10.788824966633191,0.1618185100905967
887,10.692356091531387,10.791923319624757,-0.09956722809336968
888,10.958703542446285,10.795020940574467,0.16368260187181838
889,11.105362394911007,10.798117829482322,0.3072445654286845
890,11.028586474016688,10.80121398634832,0.22737248766836848
891,10.944885478545558,10.80430941117246,0.14057606737309858
892,11.10300159926029,10.807404103954745,0.2955974953055445
893,11.134533922282355,10.810498064695176,0.32403585758717834
894,11.19661597735067,10.813591293393749,0.3830246839569203
895,10.996454642235303,10.816683790050465,0.17977085218483785
896,10.773463697410179,10.819775554665329,-0.04631185725514911
897,10.863523967281202,10.822866587238336,0.040657380042866585
898,11.160305337249351,10.825956887769484,0.33434844947986647
899,10.602656779512445,10.829046456258776,-0.22638967674633148
900,10.934302249279275,10.832135292706216,0.10216695657305944
901,10.726221122224025,10.835223397111797,-0.10900227488777212
902,10.846276551119603,10.838310769475523,0.007965781644079122
903,11.195682715471028,10.841397409797391,0.3542853056736374
904,10.897440800253781,10.844483318077407,0.052957482176374124
905,10.860437016892845,10.847568494315563,0.012868522577281303
906,10.473808833019541,10.850652938511866,-0.3768441054923252
907,11.060538862374775,10.85373665066631,0.20680221170846477
908,11.035696573362157,10.8568196307789,0.17887694258325662
909,11.459384255396206,10.859901878849634,0.5994823765465722
910,10.777691715747444,10.862983394878512,-0.08529167913106728
911,10.926795242033256,10.866064178865534,0.06073106316772228
912,10.938253578763224,10.869144230810697,0.06910934795252563
913,11.309368298790105,10.872223550714008,0.437144748076097
914,10.848893786561185,10.875302138575464,-0.026408352014278685
915,10.955702597958298,10.87837999439506,0.07732260356323928
916,11.049917743920284,10.8814571181728,0.16846062574748338
917,10.936246736016479,10.884533509908687,0.051713226107792276
918,10.763893232992123,10.887609169602717,-0.12371593661059473
919,10.944470426230886,10.89068409725489,0.05378632897599573
920,11.191283732661002,10.893758292865206,0.2975254397957963
921,10.612363254124308,10.89683175643367,-0.28446850230936294
922,10.93675311951874,10.899904487960274,0.036848631558464906
923,10.708958609897927,10.902976487445024,-0.19401787754709765
924,11.237219754871884,10.906047754887917,0.3311719999839677
925,10.487011870842824,10.909118290288955,-0.42210641944612975
926,10.75729935415,10.912188093648137,-0.15488873949813659
927,11.019790333847089,10.915257164965462,0.10453316888162704
928,11.352164411640672,10.918325504240931,0.43383890739973996
929,10.903172361813422,10.921393111474545,-0.018220749661124084
930,10.770602778759228,10.924459986666303,-0.1538572079070756
931,11.44883344443631,10.927526129816204,0.521307314620106
932,10.529317107108334,10.93059154092425,-0.40127443381591515
933,10.32432186549277,10.93365621999044,-0.6093343544976696
934,11.058657221117096,10.936720167014773,0.12193705410232321
935,10.800653830434197,10.939783381997252,-0.1391295515630554
936,10.659841247115793,10.942845864937873,-0.28300461782208036
937,11.14220775649702,10.945907615836637,0.19630014066038431
938,11.016530826848145,10.948968634693546,0.0675621921545994
939,10.795711131250185,10.952028921508601,-0.15631779025841624
940,10.600289794762922,10.955088476281798,-0.35479868151887634
941,11.199923168936433,10.958147299013138,0.2417758699232946
942,11.141389509120817,10.961205389702625,0.1801841194181917
943,10.936779076698459,10.964262748350254,-0.027483671651796115
944,11.479060467247711,10.967319374956029,0.5117410922916825
945,10.67383277181386,10.970375269519945,-0.29654249770608476
946,10.550676030955954,10.973430432042008,-0.422754401086055
947,10.784742905546214,10.976484862522213,-0.19174195697599852
948,10.966905738238545,10.979538560960563,-0.012632822722017763
949,11.050025893645921,10.982591527357055,0.06743436628886644
950,10.918792288459638,10.985643761711694,-0.06685147325205648
951,11.086257055294228,10.988695264024473,0.09756179126975359
952,10.644918718828366,10.991746034295401,-0.3468273154670353
953,11.394892938926384,10.994796072524469,0.4000968664019159
954,10.97507959753561,10.997845378711682,-0.02276578117607339
955,11.310519607760304,11.00089395285704,0.30962565490326255
956,11.09891803744174,11.003941794960543,0.09497624248119631
957,11.1335646163167,11.006988905022187,0.12657571129451467
958,11.167929515076827,11.010035283041976,0.15789423203485015
959,11.137150179241779,11.01308092901991,0.12406925022186804
960,11.194237538908846,11.016125842955988,0.17811169595285822
961,11.387505528280503,11.019170024850208,0.36833550343029453
962,11.076673532773928,11.022213474702573,0.05446005807135524
963,11.22173571616814,11.025256192513083,0.19647952365505778
964,11.003430571756804,11.028298178281737,-0.024867606524933503
965,11.430425532005172,11.031339432008535,0.3990860999966377
966,10.846937735101337,11.034379953693476,-0.18744221859213883
967,11.536497378119444,11.037419743336562,0.4990776347828826
968,11.029330206866018,11.04045880093779,-0.011128594071772807
969,10.646999918248481,11.043497126497165,-0.3964972082486835
970,11.082035088172658,11.04653472001468,0.03550036815797742
971,10.860838159681297,11.049571581490344,-0.18873342180904787
972,11.28556732827622,11.052607710924148,0.23295961735207305
973,10.874787580814615,11.055643108316097,-0.18085552750148093
974,10.935031167449333,11.05867777366619,-0.12364660621685682
975,10.538081107320432,11.061711706974426,-0.5236305996539952
976,10.939401524371455,11.06474490824081,-0.12534338386935423
977,10.39607056294405,11.067777377465335,-0.6717068145212847
978,10.631877065355548,11.070809114648004,-0.43893204929245505
979,11.284566660826794,11.073840119788816,0.21072654103797783
980,11.294631778786368,11.076870392887775,0.21776138589859279
981,11.197802974909392,11.079899933944878,0.11790304096451312
982,10.814959765427426,11.082928742960123,-0.2679689775326963
983,11.072735021843755,11.08595681993351,-0.013221798089755507
984,11.087985827187863,11.088984164865044,-0.000998337677181458
985,10.771004097725982,11.092010777754723,-0.32100668002874083
986,11.511659249150883,11.095036658602544,0.4166225905483394
987,11.341196943266652,11.098061807408508,0.24313513585814517
988,11.039852506926112,11.101086224172619,-0.061233717246507155
989,11.111560527854463,11.10410990889487,0.007450618959593157
990,11.164880023568731,11.107132861575268,0.05774716199346377
991,10.544348356813138,11.11015508221381,-0.5658067254006715
992,11.044678634295838,11.113176570810495,-0.06849793651465705
993,10.92720546554133,11.116197327365324,-0.18899186182399408
994,10.841647846327463,11.119217351878298,-0.27756950555083554
995,11.044337971663417,11.122236644349414,-0.07789867268599769
996,11.623431115267296,11.125255204778677,0.4981759104886198
997,11.305863770551937,11.128273033166082,0.17759073738585565
998,10.97300468372499,11.131290129511632,-0.15828544578664133
999,11.292980959119411,11.134306493815323,0.15867446530408755
1000,11.525112298783275,11.13732212607716,0.38779017270611454
1001,11.39657203722576,11.140337026297143,0.2562350109286165
1002,11.159875996427152,11.143351194475269,0.01652480195188223
1003,10.967085143643992,11.146364630611536,-0.17927948696754428
1004,11.342869375608888,11.14937733470595,0.19349204090293942
1005,11.261432200065375,11.152389306758508,0.10904289330686719
1006,11.403476999915974,11.15540054676921,0.24807645314676405
1007,11.334430224873438,11.158411054738055,0.17601917013538299
1008,11.452273474744395,11.161420830665042,0.29085264407935313
1009,11.016105188982193,11.164429874550176,-0.1483246855679835
1010,11.532515177469229,11.167438186393454,0.3650769910757753
1011,11.225204680782918,11.170445766194876,0.05475891458804208
1012,11.748550084664938,11.17345261395444,0.5750974707104975
1013,10.985470610416375,11.17645872967215,-0.190988119255775
1014,11.660535387622243,11.179464113348002,0.4810712742742415
1015,11.237313913607446,11.182468764982001,0.0548451486254439
1016,11.00495135773968,11.18547268457414,-0.18052132683445984
1017,11.054381155191201,11.188475872124426,-0.13409471693322417
1018,11.102703499792339,11.191478327632856,-0.08877482784051775
1019,11.312025158876013,11.19448005109943,0.1175451077765847
1020,11.34236950967215,11.197481042524146,0.14488846714800402
1021,11.041497231246865,11.200481301907006,-0.15898407066014056
1022,11.196731670819675,11.203480829248013,-0.006749158428337278
1023,11.80014680204144,11.206479624547162,0.5936671774942779
1024,11.688215431465231,11.209477687804455,0.47873774366077654
1025,11.333389281969025,11.212475019019891,0.1209142629491327
1026,11.226003163630017,11.215471618193474,0.01053154543654303
1027,11.251730634701872,11.218467485325199,0.033263149376671956
1028,11.391481069183078,11.221462620415068,0.17001844876800987
1029,10.94102016737134,11.22445702346308,-0.2834368560917398
1030,11.15612636236002,11.227450694469239,-0.0713243321092191
1031,10.768044667976776,11.230443633433538,-0.4623989654567625
1032,11.344068778647255,11.233435840355984,0.11063293829127206
1033,11.415778621323843,11.236427315236574,0.17935130608727026
1034,11.1055171514397,11.239418058075307,-0.13390090663560703
1035,11.678592173935948,11.242408068872184,0.4361841050637654
1036,10.905712471486954,11.245397347627206,-0.33968487614025156
1037,10.842577496519375,11.24838589434037,-0.40580839782099387
1038,11.313573924345052,11.25137370901168,0.06220021533337095
1039,11.544533267478217,11.254360791641131,0.29017247583708605
1040,11.723998139696679,11.25734714222873,0.4666509974679494
1041,11.133166493436267,11.260332760774471,-0.12716626733820416
1042,11.562242291978793,11.263317647278354,0.29892464470043845
1043,11.2556303128192,11.266301801740385,-0.01067148892118525
1044,11.221446648836793,11.269285224160559,-0.0478385753237662
1045,11.517148257882845,11.272267914538874,0.24488034334396974
1046,11.456021959127591,11.275249872875335,0.180772086252257
1047,10.841380410040598,11.278231099169941,-0.4368506891293429
1048,11.690391293059754,11.281211593422691,0.4091796996370633
1049,11.666643054882163,11.284191355633583,0.38245169924858047
1050,11.113814094960086,11.28717038580262,-0.17335629084253437
1051,11.399833983730293,11.290148683929802,0.1096852998004912
1052,11.4300321755947,11.293126250015126,0.136905925579575
1053,11.36834114597332,11.296103084058595,0.0722380619147244
1054,11.146578309534213,11.299079186060208,-0.1525008765259945
1055,11.11593390715782,11.302054556019966,-0.18612064886214721
1056,11.297947635283052,11.305029193937866,-0.007081558654814514
1057,11.632990431142376,11.308003099813913,0.32498733132846314
1058,11.461619056976645,11.3109762736481,0.150642783328544
1059,11.21124386141302,11.313948715440434,-0.10270485402741354
1060,11.530774009816632,11.316920425190911,0.21385358462572096
1061,10.530501655352733,11.319891402899533,-0.7893897475468001
1062,11.641208251365793,11.322861648566297,0.31834660279949545
1063,10.843720692547059,11.325831162191205,-0.4821104696441467
1064,11.228360104411223,11.328799943774259,-0.10043983936303513
1065,11.021484436715843,11.331767993315458,-0.31028355659961393
1066,10.975952445544984,11.334735310814798,-0.35878286526981457
1067,11.659390874347535,11.337701896272282,0.32168897807525265
1068,11.211058127364877,11.340667749687912,-0.12960962232303408
1069,11.439656223404189,11.343632871061686,0.09602335234250173
1070,11.333594602947668,11.346597260393601,-0.01300265744593181
1071,11.481758742439354,11.349560917683661,0.1321978247556924
1072,11.373812768978096,11.352523842931868,0.021288926046227865
1073,10.99994250288657,11.355486036138217,-0.35554353325164706
1074,11.634533523678778,11.35844749730271,0.27608602637606844
1075,11.224578121898046,11.361408226425345,-0.13683010452729916
1076,10.933007364405782,11.364368223506128,-0.43136085910034594
1077,11.248687972187357,11.367327488545055,-0.11863951635769744
1078,11.786177426388,11.370286021542121,0.41589140484587966
1079,11.608857754163667,11.373243822497335,0.2356139316663322
1080,11.279582214067187,11.37620089141069,-0.09661867734350303
1081,11.282370735061418,11.379157228282192,-0.0967864932207746
1082,11.29298114519399,11.382112833111838,-0.08913168791784935
1083,11.96057728563651,11.385067705899626,0.575509579736884
1084,11.493864015912292,11.388021846645557,0.10584216926673513
1085,11.510148640663308,11.390975255349636,0.11917338531367286
1086,11.67944066746812,11.393927932011858,0.2855127354562612
1087,11.46305326389197,11.396879876632221,0.06617338725974792
1088,11.32804518275722,11.39983108921073,-0.07178590645351009
1089,11.348368988142493,11.402781569747384,-0.05441258160489105
1090,11.3858891366004,11.405731318242182,-0.01984218164178275
1091,11.39836528739029,11.408680334695122,-0.010315047304832958
1092,11.613269731160953,11.411628619106207,0.20164111205474558
1093,11.428971444829095,11.414576171475437,0.014395273353658979
1094,11.620552625766283,11.41752299180281,0.20302963396347184
1095,11.39810085560283,11.420469080088326,-0.022368224485495712
